8801700400000,NzUyMwo=
8801700400001,OTQ4Mwo=
8801700400002,MzE2Mgo=
8801700400003,ODkzNgo=
8801700400004,MDg4OAo=
8801700400005,NjU0Nwo=
8801700400006,NTE2NAo=
8801700400007,MzQ2OQo=
8801700400008,Njk3Mgo=
8801700400009,NTgxNgo=
8801700400010,NTI5Ngo=
8801700400011,NjgwOAo=
8801700400012,NzExOQo=
8801700400013,NDQ0NQo=
8801700400014,NDIzOAo=
8801700400015,MTcwNAo=
8801700400016,MTM4Mwo=
8801700400017,MzA1Ngo=
8801700400018,NjM3OAo=
8801700400019,Nzg4NAo=
8801700400020,NjEwMwo=
8801700400021,ODcyOAo=
8801700400022,ODAzNgo=
8801700400023,MzA0OAo=
8801700400024,NDM5NQo=
8801700400025,NzAyOAo=
8801700400026,NDgxNAo=
8801700400027,OTg4OAo=
8801700400028,NTE1MAo=
8801700400030,NzA5OQo=
8801700400031,ODcwOQo=
8801700400032,MjI3MQo=
8801700400033,ODU0Nwo=
8801700400034,OTc4NQo=
8801700400035,MDIzMQo=
8801700400036,NjI0OAo=
8801700400037,MjE4NAo=
8801700400038,OTM5Nwo=
8801700400039,NDMxMQo=
8801700400040,ODA5NAo=
8801700400041,MTc1MQo=
8801700400042,NzQwMwo=
8801700400043,ODA4OQo=
8801700400044,MDk5MQo=
8801700400045,MTU1OAo=
8801700400046,ODg1OAo=
8801700400047,Njc3Mgo=
8801700400048,MTgzMgo=
8801700400049,NzQ1Mwo=
8801700400050,NDY2Nwo=
8801700400051,Nzk3MQo=
8801700400052,ODgyMAo=
8801700400053,Njc2Nwo=
8801700400054,NzM1NQo=
8801700400055,ODE1MAo=
8801700400056,MDYzMQo=
8801700400057,NjM2MAo=
8801700400058,NTU5Ngo=
8801700400059,MDk0Mgo=
8801700400060,NjYxOAo=
8801700400061,NjMwMgo=
8801700400062,MDg2OQo=
8801700400063,NjA0MQo=
8801700400064,OTg4NAo=
8801700400065,ODYzNwo=
8801700400066,ODU2OQo=
8801700400067,ODczNgo=
8801700400068,MzgzNQo=
8801700400069,ODMxMQo=
8801700400070,NzYwNAo=
8801700400071,Mzk2NAo=
8801700400072,MjE5OQo=
8801700400073,MDYzMwo=
8801700400074,Mjg2Mwo=
8801700400075,MDc5OAo=
8801700400076,OTc2NAo=
8801700400077,NzM0MQo=
8801700400078,MjE0NQo=
8801700400079,ODY5NQo=
8801700400080,MTY4OQo=
8801700400081,MTE1Ngo=
8801700400082,MjM4OAo=
8801700400083,NTgyOQo=
8801700400084,NjEyOAo=
8801700400085,ODE1Ngo=
8801700400086,NzI0OQo=
8801700400087,NjQ3Ngo=
8801700400088,MTkzOAo=
8801700400089,NzExNQo=
8801700400090,NjQ1Ngo=
8801700400091,MDI5NQo=
8801700400092,MjU1Nwo=
8801700400093,NzkyNwo=
8801700400094,MDgxNQo=
8801700400095,MDI2NAo=
8801700400096,MDY1OQo=
8801700400097,NjY4MQo=
8801700400098,NTkxMAo=
8801700400099,Nzg0MAo=
8801700400100,NzM3Mwo=
8801700400101,MDEwMwo=
8801700400102,NDI0Mgo=
8801700400103,NTY4OAo=
8801700400104,MTI3OQo=
8801700400105,NzY1MQo=
8801700400106,ODU2MQo=
8801700400107,NzExMQo=
8801700400108,NzYxMgo=
8801700400109,NjcxNAo=
8801700400110,Mzg5Mwo=
8801700400111,MTQ4Mgo=
8801700400112,MTI0Mwo=
8801700400113,MzU1Mgo=
8801700400114,NzAwNAo=
8801700400115,MDY1Ngo=
8801700400116,Nzc2MAo=
8801700400117,MjA5MAo=
8801700400118,ODYwMQo=
8801700400119,MjYwOQo=
8801700400120,NDM3OAo=
8801700400121,MzQ5NAo=
8801700400122,OTIxNQo=
8801700400123,OTgyMAo=
8801700400124,NjMwMAo=
8801700400125,NjE2OQo=
8801700400126,ODYzNgo=
8801700400127,NjQ5OQo=
8801700400128,NDU4OQo=
8801700400129,MzgwMAo=
8801700400130,ODA5MAo=
8801700400131,MTIwNAo=
8801700400132,MjgyMQo=
8801700400133,NTM0MQo=
8801700400134,NzQ4Mgo=
8801700400135,ODc0Nwo=
8801700400136,NDkyNQo=
8801700400137,NzYxMgo=
8801700400138,MjMyNgo=
8801700400139,NTkwNQo=
8801700400140,ODIwOQo=
8801700400141,OTIxMgo=
8801700400142,NTEyNAo=
8801700400143,NzA1MQo=
8801700400144,MzQ3OAo=
8801700400145,MDM5OAo=
8801700400146,NjM2Ngo=
8801700400147,ODE2OAo=
8801700400148,Nzk1Ngo=
8801700400149,NTQ3MAo=
8801700400150,ODgyNwo=
8801700400151,OTc5Ngo=
8801700400152,NzYyMwo=
8801700400153,NDY4Mgo=
8801700400154,MzYwNQo=
8801700400155,ODc5Ngo=
8801700400156,OTE0Mwo=
8801700400157,NTI0NQo=
8801700400158,NTc2OAo=
8801700400159,NDMxOAo=
8801700400160,NzAxOQo=
8801700400161,NDUxNgo=
8801700400162,ODg1Mgo=
8801700400163,Mjg1NQo=
8801700400164,NzkxNAo=
8801700400165,OTY1OQo=
8801700400166,NDQxNQo=
8801700400167,MTMzOQo=
8801700400168,MzczMgo=
8801700400169,MDQ3MAo=
8801700400170,Nzk5NAo=
8801700400171,NTQzMwo=
8801700400172,NDk2OAo=
8801700400173,MzAzMAo=
8801700400174,MTM3Nwo=
8801700400175,OTk2Nwo=
8801700400176,MTIzMgo=
8801700400177,MDk5OAo=
8801700400178,NzYwOQo=
8801700400179,ODIxNgo=
8801700400180,Mjk5OQo=
8801700400181,MDkwNwo=
8801700400182,NjA5NQo=
8801700400183,NDkyNgo=
8801700400184,MjU1Mgo=
8801700400185,MDY3OQo=
8801700400186,MjY5Nwo=
8801700400187,NzkzOQo=
8801700400188,NTE4Ngo=
8801700400189,MTgxMAo=
8801700400190,NDI1NQo=
8801700400191,MzI4NQo=
8801700400192,MDQwNQo=
8801700400193,MTc5Mwo=
8801700400194,MzA3NQo=
8801700400195,MzMxOQo=
8801700400196,Nzc4Nwo=
8801700400197,MDc2Nwo=
8801700400198,NTkzOAo=
8801700400199,MjQzNgo=
8801700400200,MDQ0Ngo=
8801700400201,NTA5Mwo=
8801700400202,OTEyNAo=
8801700400203,MjEzMgo=
8801700400204,MTc2NQo=
8801700400205,NzkxMAo=
8801700400206,MTI1Ngo=
8801700400207,OTgwMAo=
8801700400208,NDAxNwo=
8801700400209,MjE5OAo=
8801700400210,ODUxNAo=
8801700400211,NzU0Ngo=
8801700400212,NjM1MQo=
8801700400213,MjAwMAo=
8801700400214,Mzk0Mgo=
8801700400215,NzUwMQo=
8801700400216,NzQxNgo=
8801700400217,NTU5Ngo=
8801700400218,MjA4Mwo=
8801700400219,NTQ5OAo=
8801700400220,MDM5Ngo=
8801700400221,OTY3MQo=
8801700400222,MzQyNwo=
8801700400223,NDY0Ngo=
8801700400224,Nzk0Nwo=
8801700400225,NzA2NAo=
8801700400226,NDc5NAo=
8801700400227,MTQ5MAo=
8801700400228,NzQxMQo=
8801700400229,MDExOQo=
8801700400230,MDI4Ngo=
8801700400231,NjI4OQo=
8801700400232,NDY4OQo=
8801700400233,MjM3NAo=
8801700400234,MjE1Ngo=
8801700400235,MTM4OQo=
8801700400236,NzA2OAo=
8801700400237,NjY4Mgo=
8801700400238,ODE4OQo=
8801700400239,OTg2MQo=
8801700400240,NTY4NAo=
8801700400241,MDM1NQo=
8801700400242,MDI0Mgo=
8801700400243,OTc1Mgo=
8801700400244,NzUzOQo=
8801700400245,MTQ0NAo=
8801700400246,MjU4OAo=
8801700400247,NzU0Mwo=
8801700400248,NDI2MAo=
8801700400249,MTA3Mgo=
8801700400250,OTcyOAo=
8801700400251,MjQ2OAo=
8801700400252,OTUxNAo=
8801700400253,MTQ4OQo=
8801700400254,MTYyMQo=
8801700400255,NTgzMwo=
8801700400256,NjA0OAo=
8801700400257,NDYxNQo=
8801700400258,MDQ3MQo=
8801700400259,OTc4NAo=
8801700400260,OTcyMQo=
8801700400261,MzQyMgo=
8801700400262,ODA2NAo=
8801700400263,NDIyNgo=
8801700400264,NDU1Mgo=
8801700400265,MjUzMAo=
8801700400266,NjMyNwo=
8801700400267,NzgyOQo=
8801700400268,MTQ3OQo=
8801700400269,MDAxNwo=
8801700400270,MDU5Nwo=
8801700400271,MzY2OAo=
8801700400272,NjU1NAo=
8801700400273,NjkzOQo=
8801700400274,NTUwOQo=
8801700400275,NjEwMAo=
8801700400276,NDM0MAo=
8801700400277,NzI5Ngo=
8801700400278,NzYxNQo=
8801700400279,MTg2MAo=
8801700400280,Mzg0MQo=
8801700400281,MjAwMgo=
8801700400282,NTY3MAo=
8801700400283,ODk3Mgo=
8801700400284,NDIyNAo=
8801700400285,OTgxNgo=
8801700400286,MTc2Nwo=
8801700400287,NTExNgo=
8801700400288,OTg3MAo=
8801700400289,NTA1Mgo=
8801700400290,OTgxOQo=
8801700400291,MTU1NQo=
8801700400292,MTIyNwo=
8801700400293,NDgwOAo=
8801700400294,NjEyOQo=
8801700400295,NjAwNgo=
8801700400296,OTY2MAo=
8801700400297,NjA2NQo=
8801700400298,ODU2OAo=
8801700400299,MjMzNQo=
8801700400300,NjQ1MQo=
8801700400301,MTUwNAo=
8801700400302,MDQyMgo=
8801700400303,NTkzMgo=
8801700400304,MzQ1MAo=
8801700400305,NjU0MQo=
8801700400306,MjY0Nwo=
8801700400307,ODc5NAo=
8801700400308,ODM0OQo=
8801700400309,NjMzNAo=
8801700400310,NDUwNwo=
8801700400311,Njk4MQo=
8801700400312,NTQ0Ngo=
8801700400313,ODYzMQo=
8801700400314,NDgwNgo=
8801700400315,NDAwMgo=
8801700400316,ODQxMAo=
8801700400317,OTYxOAo=
8801700400318,MzExOQo=
8801700400319,NzYxMgo=
8801700400320,NTc2NQo=
8801700400321,NTUxOAo=
8801700400322,MDQ5NAo=
8801700400323,NTk2NQo=
8801700400324,MjkwMwo=
8801700400325,NzAxNgo=
8801700400326,OTM2MAo=
8801700400327,MDk0NAo=
8801700400328,NTcyNQo=
8801700400329,NTY0OAo=
8801700400330,NDM5Ngo=
8801700400331,MzY0Mwo=
8801700400332,Mjc4MAo=
8801700400333,ODM2Mgo=
8801700400334,Njk0Ngo=
8801700400335,Mzc3MQo=
8801700400336,MDMwNQo=
8801700400337,OTA3NAo=
8801700400338,MTQ4Mwo=
8801700400339,NDAyMwo=
8801700400340,MDcyNAo=
8801700400341,MjE0Mwo=
8801700400342,Mjg3OQo=
8801700400343,Mjg0Ngo=
8801700400344,NDEyOQo=
8801700400345,NjgwMQo=
8801700400346,NTc4Mwo=
8801700400347,OTY3OAo=
8801700400348,MDI0NQo=
8801700400349,MTMwMwo=
8801700400350,MjQ2Ngo=
8801700400351,NTIxNQo=
8801700400352,NjQzNQo=
8801700400353,NDE1NAo=
8801700400354,ODAwNQo=
8801700400355,MzIzMgo=
8801700400356,NTA4MQo=
8801700400357,MTE0OAo=
8801700400358,NTEyOAo=
8801700400359,OTkxNAo=
8801700400360,MTA0MQo=
8801700400361,NDczNwo=
8801700400362,NzMzMAo=
8801700400363,MjMxNgo=
8801700400364,MjEwOQo=
8801700400365,OTc4MAo=
8801700400366,NzE3Mwo=
8801700400367,MTM1MAo=
8801700400368,NzU1MAo=
8801700400369,NjQ0OAo=
8801700400370,NjI5OQo=
8801700400371,ODU2Mgo=
8801700400372,ODAwOAo=
8801700400373,OTc3Nwo=
8801700400374,MzI2OAo=
8801700400375,NTUzOAo=
8801700400376,MjI0MQo=
8801700400377,ODc3NQo=
8801700400378,MzM4OAo=
8801700400379,MTYyNgo=
8801700400380,MjQxOQo=
8801700400381,NDQ3Mwo=
8801700400382,Mjc2MQo=
8801700400383,MjUxOAo=
8801700400384,NTE3Mgo=
8801700400385,NTU1Mgo=
8801700400386,MzY5MQo=
8801700400387,MjI5MAo=
8801700400388,MDI2MQo=
8801700400389,NjI4OAo=
8801700400390,NDEwMwo=
8801700400391,NTkwNwo=
8801700400392,NDAwOQo=
8801700400393,NDAxOQo=
8801700400394,NzM5Ngo=
8801700400395,MDQxNQo=
8801700400396,NjQ2NQo=
8801700400397,MTQ2Mgo=
8801700400398,MjIzNgo=
8801700400399,NDExOQo=
8801700400400,Mjk0MQo=
8801700400401,NzMxMwo=
8801700400402,MTYxNAo=
8801700400403,NzM3OQo=
8801700400404,MDA3MQo=
8801700400405,ODAwNwo=
8801700400406,NTg0OQo=
8801700400407,MDYyOQo=
8801700400408,ODQwNQo=
8801700400409,MzYwMAo=
8801700400410,MDMxMQo=
8801700400411,MDQ5MAo=
8801700400412,MDkwOAo=
8801700400413,MzY5Ngo=
8801700400414,MTQwNQo=
8801700400415,MzY3NQo=
8801700400416,Mzc4Mgo=
8801700400417,Nzg1Ngo=
8801700400418,MjEwOAo=
8801700400419,ODExMAo=
8801700400420,NjkyNAo=
8801700400421,Mjc3Mgo=
8801700400422,MzI4MQo=
8801700400423,NzUwNgo=
8801700400424,MDQzNAo=
8801700400425,MDY0MAo=
8801700400426,NjAyMgo=
8801700400427,MjYyMAo=
8801700400428,NTI0NAo=
8801700400429,MTE5OQo=
8801700400430,NDg3Mgo=
8801700400431,MDk0OAo=
8801700400432,MDQ4MQo=
8801700400433,ODQzNQo=
8801700400434,NTY5OAo=
8801700400435,MTEwNgo=
8801700400436,MTA5Mwo=
8801700400437,NDE2OQo=
8801700400438,ODgxMQo=
8801700400439,OTM1NAo=
8801700400440,MDQwNgo=
8801700400441,MDA1NQo=
8801700400442,ODYwMAo=
8801700400443,MDU0Mwo=
8801700400444,ODAyMwo=
8801700400445,OTkyMgo=
8801700400446,NTgzNQo=
8801700400447,NDk0NAo=
8801700400448,MDU4MAo=
8801700400449,MTM3Mwo=
8801700400450,NzEzOAo=
8801700400451,Mzc3NAo=
8801700400452,ODIwMgo=
8801700400453,ODgyNgo=
8801700400454,MzM4MQo=
8801700400455,MjEzNAo=
8801700400456,NTQyOAo=
8801700400457,NDc3Mgo=
8801700400458,NDg5NQo=
8801700400459,NzM2Ngo=
8801700400460,NDUzOAo=
8801700400461,NDkxNwo=
8801700400462,MTM1NQo=
8801700400463,MDY0Ngo=
8801700400464,MjUzOQo=
8801700400465,OTQ1Mgo=
8801700400466,MzcwNQo=
8801700400467,NDMxMQo=
8801700400468,MTI1Ngo=
8801700400469,MjI0NAo=
8801700400470,OTczMwo=
8801700400471,Njc4Nwo=
8801700400472,MjM5Mgo=
8801700400473,OTQzMwo=
8801700400474,OTcyMgo=
8801700400475,NjE5Nwo=
8801700400476,MDc4OQo=
8801700400477,OTc0MQo=
8801700400478,MDU2MAo=
8801700400479,MjY3Nwo=
8801700400480,MTkyNAo=
8801700400481,ODAxOQo=
8801700400482,MDg5Mwo=
8801700400483,MDc2NQo=
8801700400484,NDM2NQo=
8801700400485,NDc2Ngo=
8801700400486,NjU3Ngo=
8801700400487,MDY3OAo=
8801700400488,NjU5NAo=
8801700400489,NzkxMAo=
8801700400490,MjMyNwo=
8801700400491,MDY2MQo=
8801700400492,MjQ4Mgo=
8801700400493,OTgyNwo=
8801700400494,NzU5MAo=
8801700400495,MDEzMgo=
8801700400496,MzA2MQo=
8801700400497,MDEzMQo=
8801700400498,MTEwMAo=
8801700400499,MTY3Nwo=
8801700400500,OTY1Mgo=
8801700400501,MTk0NAo=
8801700400502,MzUyMgo=
8801700400503,Mzg3MAo=
8801700400504,MDgzOQo=
8801700400505,NDA2MQo=
8801700400506,Mzg1Mgo=
8801700400507,MDc2MQo=
8801700400508,ODE5Nwo=
8801700400509,NDI2OAo=
8801700400510,MjE5Nwo=
8801700400511,NzE2Mwo=
8801700400512,MTU0MQo=
8801700400513,MjMxMQo=
8801700400514,MTQ4Mwo=
8801700400515,NjYzMQo=
8801700400516,MjQ2MQo=
8801700400517,NTQyNQo=
8801700400518,MzUyNgo=
8801700400519,MjQzMwo=
8801700400520,NzQzMgo=
8801700400521,NjM2NQo=
8801700400522,ODM2NAo=
8801700400523,MzA4Mwo=
8801700400524,MjgzMQo=
8801700400525,MDUyOAo=
8801700400526,NjYyMAo=
8801700400527,OTA0OQo=
8801700400528,NDIwNAo=
8801700400529,NTg4Ngo=
8801700400530,NzYwMAo=
8801700400531,ODYzNgo=
8801700400532,Mjk5MQo=
8801700400533,NjIzNAo=
8801700400534,MTkwMQo=
8801700400535,ODM0MAo=
8801700400536,MTIxMgo=
8801700400537,NzIwNQo=
8801700400538,Mjg0Mwo=
8801700400539,MDQ3OAo=
8801700400540,OTUxMQo=
8801700400541,ODkyNQo=
8801700400542,MjQ0OAo=
8801700400543,MjQ5Mgo=
8801700400544,MDYwMwo=
8801700400545,MDM5MAo=
8801700400546,NTU3NQo=
8801700400547,OTAzNAo=
8801700400548,MjE5OAo=
8801700400549,MTA2Mwo=
8801700400550,NjEzNQo=
8801700400551,NDAwOQo=
8801700400552,OTc1OQo=
8801700400553,NTI3MQo=
8801700400554,OTg2OQo=
8801700400555,MzY4NQo=
8801700400556,OTA4Mgo=
8801700400557,NTM3Ngo=
8801700400558,ODI2Nwo=
8801700400559,NDk3NQo=
8801700400560,NTUyOQo=
8801700400561,NTYzMwo=
8801700400562,NTYwMwo=
8801700400563,ODAwOQo=
8801700400564,NDI5Mgo=
8801700400565,OTU2OQo=
8801700400566,NDUwNAo=
8801700400567,MTkyOQo=
8801700400568,OTc5NAo=
8801700400569,MTMzMQo=
8801700400570,NzI4NAo=
8801700400571,MDU5Mwo=
8801700400572,MTE3NAo=
8801700400573,MzA2Nwo=
8801700400574,OTQ2Mgo=
8801700400575,NDE4Mwo=
8801700400576,MDE0MQo=
8801700400577,MDMwMwo=
8801700400578,MTI1NQo=
8801700400579,ODI0Mwo=
8801700400580,MzI3MQo=
8801700400581,NDcxMQo=
8801700400582,MTcxMAo=
8801700400583,NzY2Nwo=
8801700400584,NTU3MAo=
8801700400585,ODU3MQo=
8801700400586,NTc5Mgo=
8801700400587,Nzc1MQo=
8801700400588,MTI1NAo=
8801700400590,MzI5OAo=
8801700400591,OTMwOQo=
8801700400592,OTM1NAo=
8801700400593,OTg3MAo=
8801700400594,MTUzNgo=
8801700400595,NDYyOAo=
8801700400596,MTQyMQo=
8801700400597,OTc4OAo=
8801700400598,Nzg5Mwo=
8801700400599,NzU0NQo=
8801700400600,MjYzNwo=
8801700400601,MDMzNAo=
8801700400602,NTg5Nwo=
8801700400603,OTk0NQo=
8801700400604,MzQwOQo=
8801700400605,ODM3MQo=
8801700400606,ODUzNgo=
8801700400607,MjAxMAo=
8801700400608,OTYzMwo=
8801700400609,MDU0Mwo=
8801700400610,MTcyOAo=
8801700400611,NzEwOQo=
8801700400612,MDIyMgo=
8801700400613,NTQ4Mgo=
8801700400614,NzM4MAo=
8801700400615,NjI1Mwo=
8801700400616,MjgzNwo=
8801700400617,NjEzNAo=
8801700400618,MjAwMgo=
8801700400619,ODYxNwo=
8801700400620,NjIwMwo=
8801700400621,OTM0Mwo=
8801700400622,Njk0NAo=
8801700400623,OTI0OQo=
8801700400624,MTAyOQo=
8801700400625,MDg5MQo=
8801700400626,Mjc1NAo=
8801700400627,MjE3Nwo=
8801700400628,Mzc2OQo=
8801700400629,OTQ5OAo=
8801700400630,ODYxMAo=
8801700400631,MDg2Nwo=
8801700400632,NzcwNQo=
8801700400633,MTk5OQo=
8801700400634,MTc2OAo=
8801700400635,NjgxMAo=
8801700400636,OTU1Nwo=
8801700400637,NzE0NAo=
8801700400638,MjY5OQo=
8801700400639,NzM4Ngo=
8801700400640,MDI3MQo=
8801700400641,NjE5Mgo=
8801700400642,ODIxNwo=
8801700400643,OTU3NQo=
8801700400644,MDM5Mgo=
8801700400645,NzkzNwo=
8801700400646,MzY3MQo=
8801700400647,NzQ1NAo=
8801700400648,NjEyMQo=
8801700400649,NjcyNwo=
8801700400650,NTIxNAo=
8801700400651,NzA5Mgo=
8801700400652,NjgwNwo=
8801700400653,NTQ4NQo=
8801700400654,OTQ2MAo=
8801700400655,NDc2Mgo=
8801700400656,MzYzOAo=
8801700400657,MDg0Mgo=
8801700400658,MTQ5Nwo=
8801700400659,NTAyMwo=
8801700400660,NjY1OAo=
8801700400661,MDg2MAo=
8801700400662,Nzc0Mwo=
8801700400663,MzM5OAo=
8801700400664,Mjg4MAo=
8801700400665,MjgwMwo=
8801700400666,NTI0Mwo=
8801700400667,NTcyMQo=
8801700400668,NjMzNAo=
8801700400669,MTc2Nwo=
8801700400670,OTMzNAo=
8801700400671,ODkxMgo=
8801700400672,NzY4OAo=
8801700400673,MjE2NAo=
8801700400674,MDM5NAo=
8801700400675,NTQ5OAo=
8801700400676,MjU2Mwo=
8801700400677,ODQxMQo=
8801700400678,OTU1Nwo=
8801700400679,MTAyOQo=
8801700400680,NDEwMwo=
8801700400681,NjkzMgo=
8801700400682,Nzc3MAo=
8801700400683,NjMxMwo=
8801700400684,ODQxMgo=
8801700400685,Njc4NQo=
8801700400686,NTY1MAo=
8801700400687,MzcyNgo=
8801700400688,NTk1OQo=
8801700400689,MTAzNwo=
8801700400690,OTg4NQo=
8801700400691,NTIzNgo=
8801700400692,MTkxNgo=
8801700400693,MzEyMAo=
8801700400694,OTEzMwo=
8801700400695,MzA4Nwo=
8801700400696,NzI1NQo=
8801700400697,NzkwNwo=
8801700400698,NDc5OQo=
8801700400699,NzgzOQo=
8801700400700,NTg3NQo=
8801700400701,NjU1MQo=
8801700400702,NzU1NQo=
8801700400703,MTIxNAo=
8801700400704,NjM1MQo=
8801700400705,NTIwOQo=
8801700400706,Mzc1NAo=
8801700400707,MDc5MAo=
8801700400708,MjQzOQo=
8801700400709,Mzc4OAo=
8801700400711,MjIxMAo=
8801700400712,MTE2MQo=
8801700400713,Mzc2NQo=
8801700400714,MTQyOAo=
8801700400715,NzQ3Nwo=
8801700400716,MjYwMgo=
8801700400717,MDE5Mgo=
8801700400718,ODAwMgo=
8801700400719,Mjk1Mwo=
8801700400720,MjY3NQo=
8801700400721,NDA4OAo=
8801700400722,MTE1NQo=
8801700400723,ODkxMAo=
8801700400724,Njg0MAo=
8801700400725,NzQ3NAo=
8801700400726,ODYwNQo=
8801700400727,NjMzNAo=
8801700400728,Mjc3OQo=
8801700400729,MTE3MQo=
8801700400730,Mzk5Nwo=
8801700400731,MzE4NQo=
8801700400732,MzU4Nwo=
8801700400733,NDE2MQo=
8801700400734,MjY0Mgo=
8801700400735,MjcxOAo=
8801700400736,MzUyNgo=
8801700400737,OTc0NQo=
8801700400738,MTM0OQo=
8801700400739,MjQ4Mgo=
8801700400740,MjcxNQo=
8801700400741,NTc0MAo=
8801700400742,OTMyMgo=
8801700400743,MDIwNgo=
8801700400744,MDMzNgo=
8801700400745,NTUwMgo=
8801700400746,MTQyNgo=
8801700400747,MTM1Mwo=
8801700400748,ODk0NAo=
8801700400749,MzM3OAo=
8801700400750,MzU4Ngo=
8801700400751,ODY0MAo=
8801700400752,ODk3Ngo=
8801700400753,NjQ4NAo=
8801700400754,MTMxOAo=
8801700400755,OTk0MQo=
8801700400756,NjQ3MAo=
8801700400757,OTU5Ngo=
8801700400758,Njg1MQo=
8801700400759,MjMzMQo=
8801700400760,MjcwOAo=
8801700400761,MTIwMQo=
8801700400762,NDM1Mgo=
8801700400763,MDQyNgo=
8801700400764,NTk1OQo=
8801700400765,Mjc1OQo=
8801700400766,NjE5OQo=
8801700400767,ODA0Mgo=
8801700400768,NTQ0Nwo=
8801700400769,NjYyMwo=
8801700400770,MTQwMwo=
8801700400771,NjczOQo=
8801700400772,OTUzMAo=
8801700400773,NzE3MAo=
8801700400774,ODU1NQo=
8801700400775,NTQwNAo=
8801700400776,ODM0Mwo=
8801700400777,ODE2OAo=
8801700400778,NjYyNgo=
8801700400779,MjYxNwo=
8801700400780,Mzg3OAo=
8801700400781,NjM3MQo=
8801700400782,MTcyNAo=
8801700400783,NDgwMgo=
8801700400784,MjI4MQo=
8801700400785,NzcxNwo=
8801700400786,Njc1Ngo=
8801700400787,MTAyMwo=
8801700400788,MDcyNgo=
8801700400789,NDI2MQo=
8801700400790,NzY0OQo=
8801700400791,MTc1MQo=
8801700400792,MDU4OAo=
8801700400793,NDc1OAo=
8801700400794,MDMyNwo=
8801700400795,MTUxMwo=
8801700400796,ODEzOQo=
8801700400797,NTg2NAo=
8801700400798,NTE4Nwo=
8801700400799,NDM3Mwo=
8801700400800,NzY1Mgo=
8801700400801,MDc2MQo=
8801700400802,ODQ3NQo=
8801700400803,NDczMQo=
8801700400804,NzA0Nwo=
8801700400805,OTU0OAo=
8801700400806,NDI3MAo=
8801700400807,OTc1Mwo=
8801700400808,NTg3Nwo=
8801700400809,Nzg0Mwo=
8801700400810,OTgyNQo=
8801700400811,MDMxOQo=
8801700400812,ODI4Nwo=
8801700400813,OTU3Ngo=
8801700400814,OTMyOAo=
8801700400815,NDc4Mwo=
8801700400816,ODI1Ngo=
8801700400817,MjczOAo=
8801700400818,NzgyMwo=
8801700400819,NDY5Mgo=
8801700400820,MTA4MQo=
8801700400821,MDQ3NQo=
8801700400822,NjkzMQo=
8801700400823,Mjc0OAo=
8801700400824,NzYzMAo=
8801700400825,MDk5Nwo=
8801700400826,MzYzMAo=
8801700400827,MTc3NAo=
8801700400828,ODk0MAo=
8801700400829,OTkzMwo=
8801700400830,NTkzMAo=
8801700400831,NDAyNgo=
8801700400832,Njg3Ngo=
8801700400833,NzIxMQo=
8801700400834,OTM0Mwo=
8801700400835,NDg3Ngo=
8801700400836,NjY4MAo=
8801700400837,NzUxMAo=
8801700400838,NzI5OQo=
8801700400839,NzAxMwo=
8801700400840,OTU4Mwo=
8801700400841,NTM5Mgo=
8801700400842,NzEzNgo=
8801700400843,MTE1NQo=
8801700400844,NDkzMgo=
8801700400845,OTYzMQo=
8801700400846,NTI3NQo=
8801700400847,NzA3OQo=
8801700400848,OTQ3Mwo=
8801700400849,MzE5MQo=
8801700400850,NjYxMQo=
8801700400851,ODQ3Mgo=
8801700400852,NjQ0MQo=
8801700400853,MTYyMAo=
8801700400854,MDE3MAo=
8801700400855,MDE5Mgo=
8801700400856,ODQxNAo=
8801700400857,NzEyMQo=
8801700400858,OTE3MQo=
8801700400859,OTQ4Mgo=
8801700400860,ODIwMwo=
8801700400861,MDQyNQo=
8801700400862,Mjk0MAo=
8801700400863,MzYyNAo=
8801700400864,Mjk5NAo=
8801700400865,ODc0Ngo=
8801700400866,MDE4OAo=
8801700400867,MDkwNwo=
8801700400868,ODk2NAo=
8801700400869,MDIzNQo=
8801700400870,ODA0Ngo=
8801700400871,OTc4OQo=
8801700400872,NTY5OAo=
8801700400873,NzM5Mgo=
8801700400874,NDk1Mgo=
8801700400875,MjUzMwo=
8801700400876,OTY0NAo=
8801700400877,MDE4Mwo=
8801700400878,OTcyMgo=
8801700400879,Nzc4OQo=
8801700400880,MzYxMgo=
8801700400881,MDc2MAo=
8801700400882,MTI1Mgo=
8801700400883,NDA5OQo=
8801700400884,MjMwNwo=
8801700400885,NzU2NQo=
8801700400886,MjI4NQo=
8801700400887,MjAxOAo=
8801700400888,MTQzOAo=
8801700400889,MTY2Mgo=
8801700400890,NzQyNgo=
8801700400891,OTU0OAo=
8801700400892,OTAzMwo=
8801700400893,NTQ5OQo=
8801700400894,NzE1NQo=
8801700400895,MzMyMQo=
8801700400896,NjE5Mwo=
8801700400897,Mjc5OQo=
8801700400898,MDkxOAo=
8801700400899,NzgxNQo=
8801700400900,ODY4MQo=
8801700400901,MzI3Ngo=
8801700400902,NzkyOQo=
8801700400903,NTc3Nwo=
8801700400904,OTU3Mwo=
8801700400905,ODU4Mwo=
8801700400906,NjQ4NAo=
8801700400907,NzIzMQo=
8801700400908,NTY2NQo=
8801700400909,MjQxOQo=
8801700400910,MzY0Nwo=
8801700400911,ODM3MQo=
8801700400912,OTEzOAo=
8801700400913,ODc1NAo=
8801700400914,NjAwMQo=
8801700400915,OTc0NAo=
8801700400916,MDIxOAo=
8801700400917,NjM0Mgo=
8801700400918,NjAyNQo=
8801700400919,MjAzMwo=
8801700400920,NjgxOQo=
8801700400921,NDgyNgo=
8801700400922,OTg3Nwo=
8801700400923,NjQzNwo=
8801700400924,NDc5NAo=
8801700400925,ODQyMQo=
8801700400926,OTQzNAo=
8801700400927,OTUyMwo=
8801700400928,NzY2Mgo=
8801700400929,MDcwNgo=
8801700400931,ODEwMQo=
8801700400932,MTk2OQo=
8801700400933,NjQ0NQo=
8801700400934,ODI0Mwo=
8801700400935,MDM5OQo=
8801700400936,OTU5NQo=
8801700400937,NDE4NQo=
8801700400938,ODUzNgo=
8801700400939,NjQ4MQo=
8801700400940,MDA3Mwo=
8801700400941,OTE5Mgo=
8801700400942,Mjg3Mgo=
8801700400943,NTg4NAo=
8801700400944,NzQ2OQo=
8801700400945,MzI0Mgo=
8801700400946,NDIwMAo=
8801700400947,OTIwMgo=
8801700400948,MTIyOAo=
8801700400949,NDYwMQo=
8801700400950,NzY0Mgo=
8801700400951,NTM3NQo=
8801700400952,OTI4Nwo=
8801700400953,ODE1Mgo=
8801700400954,MTU2OAo=
8801700400955,MjQyNQo=
8801700400956,NTgyOQo=
8801700400957,NjE4Mwo=
8801700400958,NjE0Mwo=
8801700400959,ODEzOQo=
8801700400960,MTEwNwo=
8801700400961,NjY4NAo=
8801700400962,NDMwNwo=
8801700400963,NDI0MQo=
8801700400964,MDE4NAo=
8801700400965,NjM0Ngo=
8801700400966,MDUzNQo=
8801700400967,NjY4Nwo=
8801700400968,NDM1NQo=
8801700400969,NzA3Nwo=
8801700400970,NDIyOAo=
8801700400971,MzIyNgo=
8801700400972,MzkwOQo=
8801700400973,OTIxNAo=
8801700400974,MDgyOAo=
8801700400975,MDYyNQo=
8801700400976,NTk5Ngo=
8801700400977,OTg3Mgo=
8801700400978,NjM5Mgo=
8801700400979,MjI1NQo=
8801700400980,ODE3OAo=
8801700400981,NzkxNAo=
8801700400982,MTMzNwo=
8801700400983,NDg2MQo=
8801700400984,MzY0Ngo=
8801700400985,MTI5Nwo=
8801700400986,NzM2OQo=
8801700400987,MjAwMAo=
8801700400988,NjM4NQo=
8801700400989,ODMxMAo=
8801700400990,NDE4OQo=
8801700400991,MjIyMAo=
8801700400992,NzE0MQo=
8801700400993,MzczNgo=
8801700400994,MjQ1Mgo=
8801700400995,NzQ0Nwo=
8801700400996,NzQ3Ngo=
8801700400997,Njg5Mgo=
8801700400998,MTQ0Ngo=
8801700400999,MDUyMAo=
8801700401000,ODgyMQo=
8801700401001,NDgzMAo=
8801700401002,MDkwOQo=
8801700401003,Mzc0NAo=
8801700401004,MDk1OAo=
8801700401005,OTM1Nwo=
8801700401006,OTQ5NQo=
8801700401007,MTYyNQo=
8801700401008,NTUxNQo=
8801700401009,NTczNAo=
8801700401010,NTI0Nwo=
8801700401011,MjU2Ngo=
8801700401012,MjQwMQo=
8801700401013,MTk4Nwo=
8801700401014,NTc0MAo=
8801700401015,NzYzOAo=
8801700401016,MDQ1MAo=
8801700401017,MzcyNAo=
8801700401018,NDU2OQo=
8801700401019,MDAzOAo=
8801700401020,NTUzMQo=
8801700401021,NTgxNgo=
8801700401022,NjU5Mgo=
8801700401023,MjYyOAo=
8801700401024,MzM2NAo=
8801700401025,Nzg3MQo=
8801700401026,MzE0MQo=
8801700401027,NzAzMQo=
8801700401028,MzMzNwo=
8801700401029,NjM5Mgo=
8801700401030,MjgwNAo=
8801700401031,NzM4NQo=
8801700401032,NTY3Ngo=
8801700401033,NTEzNwo=
8801700401034,NjE4OQo=
8801700401035,OTE1OAo=
8801700401036,Mzg3NAo=
8801700401037,NDgzNgo=
8801700401038,NjAxNAo=
8801700401039,MDQ3NAo=
8801700401040,ODY0NAo=
8801700401041,MTA1MAo=
8801700401042,OTgyNwo=
8801700401043,NTY4NAo=
8801700401044,NjI0OQo=
8801700401045,NzQ5MAo=
8801700401046,Nzc3MAo=
8801700401047,ODk0NAo=
8801700401048,MDY1Mwo=
8801700401049,MTg3MAo=
8801700401050,Mzg0Mgo=
8801700401051,ODMwMQo=
8801700401052,MTI1Nwo=
8801700401053,OTY5Ngo=
8801700401054,ODU1Mwo=
8801700401055,NDg4NAo=
8801700401056,NjU1MAo=
8801700401057,MTMxMgo=
8801700401058,MzgxNwo=
8801700401059,NzAxMwo=
8801700401060,OTU2Mgo=
8801700401061,OTg3OQo=
8801700401062,NDg5Mgo=
8801700401063,MzQzMwo=
8801700401064,NTE0NAo=
8801700401065,NDk1MAo=
8801700401066,NjQ2NAo=
8801700401067,MDc5OAo=
8801700401068,NTI4MAo=
8801700401069,MDgwNgo=
8801700401070,Mzg0OQo=
8801700401071,Mzc3OQo=
8801700401072,NDkzNgo=
8801700401073,NjE5NQo=
8801700401074,MTIzMgo=
8801700401075,MTkxNgo=
8801700401076,ODg0OAo=
8801700401077,MzU1Nwo=
8801700401078,NDQ1NAo=
8801700401079,NjA2MAo=
8801700401080,OTE0Mwo=
8801700401081,ODgzNwo=
8801700401082,MTg5Nwo=
8801700401083,MDE2OQo=
8801700401084,MjEzOQo=
8801700401085,NTIzNgo=
8801700401086,MjcxMwo=
8801700401087,Mjc4NAo=
8801700401088,MDM1OAo=
8801700401089,NDc1Mwo=
8801700401090,MTA5Mwo=
8801700401091,NjQwMgo=
8801700401092,MjUzOAo=
8801700401093,NTcyMQo=
8801700401094,MDM5NAo=
8801700401095,ODIzMgo=
8801700401096,NDk5OQo=
8801700401097,MDY4Mgo=
8801700401098,NjUwMwo=
8801700401099,NTU5Nwo=
8801700401100,NzI1MAo=
8801700401101,NTQxOAo=
8801700401102,NTAxMQo=
8801700401103,ODY0MQo=
8801700401104,NTYwNAo=
8801700401105,NzcxMgo=
8801700401106,Mzc1NAo=
8801700401107,NTkzMAo=
8801700401108,Mjc2Mgo=
8801700401109,NDc0MQo=
8801700401110,NTUxNgo=
8801700401111,NTc3MQo=
8801700401112,Mjk4MQo=
8801700401113,MDg2OAo=
8801700401114,ODY2Ngo=
8801700401115,ODQ3Mwo=
8801700401116,OTgwMAo=
8801700401117,MjU5MAo=
8801700401118,NjYyMQo=
8801700401119,MzgxOQo=
8801700401120,MDcxOAo=
8801700401121,NzI5NQo=
8801700401122,ODk4MAo=
8801700401123,OTM2Nwo=
8801700401124,MjUwMgo=
8801700401125,NDU0OAo=
8801700401126,MDQxMgo=
8801700401127,MjQ5Nwo=
8801700401128,NTczMAo=
8801700401129,ODY5OQo=
8801700401130,MDU4MQo=
8801700401131,NjU4Nwo=
8801700401132,OTQwMwo=
8801700401133,MDAxNAo=
8801700401134,Njg4OQo=
8801700401135,NzI1Mwo=
8801700401136,OTA5OQo=
8801700401137,MDg3NAo=
8801700401138,NzUyNwo=
8801700401139,MzM0Ngo=
8801700401140,Mzk0MQo=
8801700401141,MDg3MAo=
8801700401142,MzA0MQo=
8801700401143,MTgxMAo=
8801700401144,OTg4Mwo=
8801700401145,OTEzOAo=
8801700401146,MzAyMgo=
8801700401147,MjQ0NQo=
8801700401148,NzQ3Nwo=
8801700401149,MTMwOQo=
8801700401150,MDc1Mgo=
8801700401151,OTkwNgo=
8801700401152,NjYwOQo=
8801700401153,MDE1OQo=
8801700401154,OTk4Mwo=
8801700401155,NTY4Ngo=
8801700401156,NjI2NAo=
8801700401157,NTA1OAo=
8801700401158,NTU0OAo=
8801700401159,OTUyNAo=
8801700401160,Nzk0Mgo=
8801700401161,NDI5Mwo=
8801700401162,MDk1Ngo=
8801700401163,OTQzNwo=
8801700401164,OTE0OAo=
8801700401165,MTYwMgo=
8801700401166,OTU3NQo=
8801700401167,MTE0NAo=
8801700401168,OTU2Mgo=
8801700401169,NDU3MAo=
8801700401170,NTYxMAo=
8801700401171,MDE2OQo=
8801700401172,MjAzMQo=
8801700401173,MzIxMQo=
8801700401174,NzgwMAo=
8801700401175,NzA3MQo=
8801700401176,ODIxMQo=
8801700401177,NTkzOAo=
8801700401178,NDc5MAo=
8801700401179,NTIyMwo=
8801700401180,NDg5OAo=
8801700401181,OTQyMQo=
8801700401182,Nzg1MAo=
8801700401183,OTQ3OQo=
8801700401184,MDQ2OAo=
8801700401185,Njg0Nwo=
8801700401186,MDcyMQo=
8801700401187,NzAwNgo=
8801700401188,NzIyNAo=
8801700401189,MDMxMAo=
8801700401190,OTk4NQo=
8801700401191,MTg0OQo=
8801700401192,OTQwNgo=
8801700401193,NjExOQo=
8801700401194,OTU4MQo=
8801700401195,NzI0MQo=
8801700401197,MDkwMQo=
8801700401198,MTIzNQo=
8801700401199,NzEzOQo=
8801700401200,MTk3Mwo=
8801700401201,MDA3MQo=
8801700401202,MjQ2NAo=
8801700401203,NjAzOAo=
8801700401204,MDg4OQo=
8801700401205,NDg4MQo=
8801700401206,NjU2OAo=
8801700401207,NjAwNwo=
8801700401208,NDU4Nwo=
8801700401209,OTA2OAo=
8801700401210,MjEwMwo=
8801700401211,NDk1OAo=
8801700401212,NjkxNwo=
8801700401213,MjkzMQo=
8801700401214,Mzg4NQo=
8801700401215,ODA2OAo=
8801700401216,MzA0Mwo=
8801700401217,MjkxNgo=
8801700401218,MzcxMwo=
8801700401219,NDMwOAo=
8801700401220,MTA2OAo=
8801700401221,ODU3Mwo=
8801700401222,NzM1Mgo=
8801700401223,NzU4MAo=
8801700401224,OTE0NAo=
8801700401225,MjYzMwo=
8801700401226,OTk5Mwo=
8801700401227,NjYxOAo=
8801700401228,NjQ2Mwo=
8801700401229,OTA1MAo=
8801700401230,MTY0Ngo=
8801700401231,NDY0Mwo=
8801700401232,NDM4MAo=
8801700401233,NjI0OAo=
8801700401234,OTU2OAo=
8801700401235,MjQ0MAo=
8801700401236,ODAyNAo=
8801700401237,MjI0OQo=
8801700401238,NzM1OAo=
8801700401239,NTE1Mwo=
8801700401240,NzE0MQo=
8801700401241,NjQzNQo=
8801700401242,NDQ5Ngo=
8801700401243,MjIwMwo=
8801700401244,NDM1MAo=
8801700401245,MTg3MQo=
8801700401246,NzQwNQo=
8801700401247,NzIxNgo=
8801700401248,MjM0MQo=
8801700401249,ODA3Nwo=
8801700401250,NjA2Mgo=
8801700401251,NTkyMgo=
8801700401252,NDQzMwo=
8801700401253,NjM4OAo=
8801700401254,NTkwMQo=
8801700401255,Nzc3MQo=
8801700401256,NjMzMAo=
8801700401257,OTg0NAo=
8801700401258,NjYzMgo=
8801700401259,MTA0Mgo=
8801700401260,MDA4MQo=
8801700401261,ODQyNgo=
8801700401262,OTE4NQo=
8801700401263,MDkzNAo=
8801700401264,NDUyOQo=
8801700401265,MTkzMwo=
8801700401266,NDE0MAo=
8801700401267,MTUzMgo=
8801700401268,NjQwMwo=
8801700401269,MDQ5MAo=
8801700401270,MzA3OAo=
8801700401271,NDQ4Mgo=
8801700401272,NDczOAo=
8801700401273,MTM0OQo=
8801700401274,OTA1NQo=
8801700401275,NjUzNwo=
8801700401276,NzEyMQo=
8801700401277,NzkyNwo=
8801700401278,MDI1MAo=
8801700401279,ODQwOQo=
8801700401280,MjY5Ngo=
8801700401281,NTk3NAo=
8801700401282,NjMwMgo=
8801700401283,NzkwNwo=
8801700401284,MDIwMgo=
8801700401285,NjYwMQo=
8801700401286,OTY1OQo=
8801700401287,OTg1MAo=
8801700401288,MTI1MQo=
8801700401289,ODUxOQo=
8801700401290,MDU1Mgo=
8801700401291,NDk2OAo=
8801700401292,MDgxMgo=
8801700401293,MTQyOAo=
8801700401294,OTA1NAo=
8801700401295,MjQxMgo=
8801700401296,MTEyMgo=
8801700401297,NDkzOAo=
8801700401298,MTQ2OAo=
8801700401299,MDUzMgo=
8801700401300,NTI2NQo=
8801700401301,MTQxOAo=
8801700401302,MDA5NQo=
8801700401303,ODI2NAo=
8801700401304,NDkyNgo=
8801700401305,MjI1Mwo=
8801700401306,OTU1Ngo=
8801700401307,NDkxNAo=
8801700401308,MzA4NAo=
8801700401309,MTUyNgo=
8801700401310,MDM1OAo=
8801700401311,NzM1Ngo=
8801700401312,NzA4NQo=
8801700401313,Nzg3OQo=
8801700401314,NDk5Mgo=
8801700401315,ODMzMQo=
8801700401316,NDkyNwo=
8801700401317,NDg3Nwo=
8801700401318,MDQyNgo=
8801700401319,ODI2NAo=
8801700401320,NTM3OQo=
8801700401321,NTY2NQo=
8801700401322,MjU4MQo=
8801700401323,NDM1MQo=
8801700401324,MzMxNgo=
8801700401325,MzAxMQo=
8801700401326,MTc2OAo=
8801700401327,NTUzOAo=
8801700401328,MTYwNQo=
8801700401329,Mzg2Ngo=
8801700401330,MjY4NAo=
8801700401331,NTQyMgo=
8801700401332,ODA1Mgo=
8801700401333,MTM4MQo=
8801700401334,ODQ5MQo=
8801700401335,MTEyMQo=
8801700401336,NTc5NAo=
8801700401337,NTEzNAo=
8801700401338,NjIyNAo=
8801700401339,MTA5Ngo=
8801700401340,NDM1NQo=
8801700401341,NTI2Ngo=
8801700401342,NzE4Mgo=
8801700401343,Mzg0Ngo=
8801700401344,MTMyNAo=
8801700401345,NDgzNwo=
8801700401346,NTEzMQo=
8801700401347,NTA3MQo=
8801700401348,MTY1NQo=
8801700401349,OTM2NAo=
8801700401350,MzAyMgo=
8801700401351,MTkxOAo=
8801700401352,MzkwNAo=
8801700401353,MzczNAo=
8801700401354,MDY4NQo=
8801700401355,OTQ4OAo=
8801700401356,NzE4Nwo=
8801700401357,MTg0Mgo=
8801700401358,MjgxMwo=
8801700401359,NDQ5NQo=
8801700401360,NDYzOAo=
8801700401361,NzkzMQo=
8801700401362,OTQyMgo=
8801700401363,NjEzMgo=
8801700401364,MTk2MAo=
8801700401365,MTcyMwo=
8801700401366,MTM2Mwo=
8801700401367,OTIyMQo=
8801700401368,NDgyMQo=
8801700401369,MTc1OQo=
8801700401370,MzIyMwo=
8801700401371,NjU4Mgo=
8801700401372,MDIzOQo=
8801700401373,NTY1Mwo=
8801700401374,MzUyNQo=
8801700401375,ODY1OQo=
8801700401376,NTk2NAo=
8801700401377,OTg3OQo=
8801700401378,NDY0NAo=
8801700401379,NTAyNAo=
8801700401380,OTIxNQo=
8801700401381,ODE4Mgo=
8801700401382,Mzg4NQo=
8801700401383,Njk4OQo=
8801700401384,MDU2MQo=
8801700401385,MjQ4Nwo=
8801700401386,OTQ1Nwo=
8801700401387,Mzc0Ngo=
8801700401388,NjcwNAo=
8801700401389,MDI2NQo=
8801700401390,MTk2Mwo=
8801700401391,ODAyNQo=
8801700401392,MTY5MAo=
8801700401393,OTQ2Mgo=
8801700401394,MTg2MQo=
8801700401395,MTkxOQo=
8801700401396,NjEyOAo=
8801700401397,MjYwNwo=
8801700401398,MTk0Nwo=
8801700401399,NjIxOQo=
8801700401400,MzI5Mgo=
8801700401401,ODIwNwo=
8801700401402,MjY2Mwo=
8801700401403,MzU4Ngo=
8801700401404,MzYwNAo=
8801700401405,NjQ5MAo=
8801700401406,MzIxMgo=
8801700401407,NDk0OAo=
8801700401408,MDE2MQo=
8801700401409,MTkxMAo=
8801700401410,NDc4NAo=
8801700401411,NjYyNgo=
8801700401412,MTM2Nwo=
8801700401413,NTYzNQo=
8801700401414,ODYyOAo=
8801700401415,Nzk1OAo=
8801700401416,NTI0OQo=
8801700401417,NzEwNgo=
8801700401418,MDIwNAo=
8801700401419,NDc5Mgo=
8801700401420,NzE0Mwo=
8801700401421,ODk3OAo=
8801700401422,NzMxNAo=
8801700401423,NTcxNAo=
8801700401424,OTkwMgo=
8801700401425,MTI2OAo=
8801700401426,MjU0Nwo=
8801700401427,MDI2Mwo=
8801700401428,NjMzOQo=
8801700401429,NTg2Ngo=
8801700401430,NDQ2OQo=
8801700401431,ODY0Mgo=
8801700401432,MTc2Mwo=
8801700401433,MTYyMAo=
8801700401434,MTA2MAo=
8801700401435,MTk4Mwo=
8801700401436,NzA0Ngo=
8801700401437,MDQxNgo=
8801700401438,MzY0OQo=
8801700401439,MzM5Mwo=
8801700401440,MTEwNQo=
8801700401441,NDQ3NAo=
8801700401442,NjI1NAo=
8801700401443,NDcwNgo=
8801700401444,ODc3Mgo=
8801700401445,OTkwNwo=
8801700401446,NTExOAo=
8801700401447,NjE5OQo=
8801700401448,MzM1Nwo=
8801700401449,MDMyNgo=
8801700401450,NjI3Mwo=
8801700401451,NzUyMAo=
8801700401452,NTk1MAo=
8801700401453,MDE4Nwo=
8801700401454,NDY3OQo=
8801700401455,OTMxOQo=
8801700401456,MDUzMwo=
8801700401457,NTA5OQo=
8801700401458,MjE3NAo=
8801700401459,ODI4NQo=
8801700401460,NjIxMwo=
8801700401461,NzgzOAo=
8801700401462,NDAyNAo=
8801700401463,MDc0Nwo=
8801700401464,ODAwMgo=
8801700401465,NzcxMwo=
8801700401466,Nzc3MQo=
8801700401467,MDI5NAo=
8801700401468,MzQzMAo=
8801700401469,Njg2Nwo=
8801700401470,ODMyMQo=
8801700401471,NTc1Nwo=
8801700401472,MzQzNAo=
8801700401473,ODkxOAo=
8801700401474,MDQwMgo=
8801700401475,NDMwNgo=
8801700401476,OTQ5NQo=
8801700401477,NjY2MQo=
8801700401478,MzU3NAo=
8801700401479,NjA1Ngo=
8801700401480,MTc2OQo=
8801700401481,MjQwNwo=
8801700401482,NzcxMAo=
8801700401483,MDA4Mwo=
8801700401484,NzM4Ngo=
8801700401485,ODk5Nwo=
8801700401486,OTk0Mgo=
8801700401487,NjUwNQo=
8801700401488,MjU1Ngo=
8801700401489,Nzc3OQo=
8801700401490,NDMwOQo=
8801700401491,MDIxMQo=
8801700401492,NTMwNwo=
8801700401493,ODkyMwo=
8801700401494,NjM5Mgo=
8801700401495,MzkzOQo=
8801700401496,MDE2MAo=
8801700401497,NzIyMwo=
8801700401498,NjQyNAo=
8801700401499,NDY2OQo=
8801700401500,NDk4NQo=
8801700401501,MDIzMAo=
8801700401502,MjA4NAo=
8801700401503,NDc3Nwo=
8801700401504,MDU3Mgo=
8801700401505,MDc4OAo=
8801700401506,NTIxNgo=
8801700401507,NDA0NQo=
8801700401508,NTMyOQo=
8801700401509,ODM2OAo=
8801700401510,MjI0MAo=
8801700401511,MzgxMAo=
8801700401512,OTY1NAo=
8801700401513,MDkzMAo=
8801700401514,NTIyNQo=
8801700401515,MjE3Mgo=
8801700401516,MjgxMwo=
8801700401517,NzA2NAo=
8801700401518,NjIwMQo=
8801700401519,MDA3MAo=
8801700401520,MzkzNwo=
8801700401521,NDQ4NQo=
8801700401522,ODg1Mwo=
8801700401523,Mzk3NAo=
8801700401524,ODg0NAo=
8801700401525,NTU0Ngo=
8801700401526,NDEwNwo=
8801700401527,NjA2Nwo=
8801700401528,MTMzOQo=
8801700401529,MzEwNQo=
8801700401530,Mjg2NAo=
8801700401531,NzM1MAo=
8801700401532,MjYwOQo=
8801700401533,MDEzMgo=
8801700401534,ODQ1OQo=
8801700401535,OTgyMQo=
8801700401536,NTE4Mgo=
8801700401537,NDY5Mwo=
8801700401538,NjQ4Nwo=
8801700401539,MDQyMAo=
8801700401540,MjEyMwo=
8801700401541,MTkwOQo=
8801700401542,NzY2Mwo=
8801700401543,MzM1MQo=
8801700401544,MDA0Ngo=
8801700401545,MjU0Mgo=
8801700401546,NzQwNgo=
8801700401547,MTMzNgo=
8801700401548,NTE3MAo=
8801700401549,NzczNwo=
8801700401550,MDA1NQo=
8801700401551,MzY1MAo=
8801700401552,NDQ0Mgo=
8801700401553,MDc3Mgo=
8801700401554,MTIyMQo=
8801700401555,MjEyMQo=
8801700401556,MDQ3MQo=
8801700401557,MzE2Mwo=
8801700401558,MjQ4Nwo=
8801700401559,NjQ5MAo=
8801700401560,OTIyMgo=
8801700401561,ODQ5OQo=
8801700401562,Mzg0NAo=
8801700401563,NTYzNwo=
8801700401564,MTYwMQo=
8801700401565,OTQyNQo=
8801700401566,NDU1Mgo=
8801700401567,Njc1OQo=
8801700401568,NDg2MAo=
8801700401569,MjQ0MQo=
8801700401570,MDk4OAo=
8801700401571,Mjk1Nwo=
8801700401572,NTgzNAo=
8801700401573,NjQ3OQo=
8801700401574,NDU1NQo=
8801700401575,NzQyOQo=
8801700401576,MTI2OAo=
8801700401577,NDc3Ngo=
8801700401578,NzU5NAo=
8801700401579,NjA5Nwo=
8801700401580,NjU3Mwo=
8801700401581,MzMxNgo=
8801700401582,Njc4MQo=
8801700401583,MjI3MQo=
8801700401584,OTUzOAo=
8801700401585,NzU4OQo=
8801700401586,NDk5Nwo=
8801700401587,ODg4MQo=
8801700401588,NTkwMAo=
8801700401589,NTU1MAo=
8801700401590,NDk5OAo=
8801700401591,NjE0MAo=
8801700401592,NzY2Ngo=
8801700401593,NDAwOAo=
8801700401594,OTA4MQo=
8801700401595,NDY5OQo=
8801700401596,NTU3Mgo=
8801700401597,ODAzNAo=
8801700401598,Nzc4Nwo=
8801700401599,MjQ1OQo=
8801700401600,MDY4NAo=
8801700401601,NjEwOQo=
8801700401602,MTcxMAo=
8801700401603,ODQ2NQo=
8801700401604,Njc5NQo=
8801700401605,MDE1OAo=
8801700401606,Nzk5NQo=
8801700401607,ODI4MAo=
8801700401608,Nzc4OAo=
8801700401609,NDAwMgo=
8801700401610,MzcyNgo=
8801700401611,NDE2NAo=
8801700401612,NDgxMgo=
8801700401613,OTcxMAo=
8801700401614,MDI2Mgo=
8801700401615,NTAyOQo=
8801700401616,OTEyNAo=
8801700401617,MDIwNQo=
8801700401618,ODIzMAo=
8801700401619,NDU1NAo=
8801700401620,MDIxNwo=
8801700401621,MjA0MQo=
8801700401622,Mzk3Mwo=
8801700401623,ODczMQo=
8801700401624,OTkyOAo=
8801700401625,MjExOAo=
8801700401626,NTAwMwo=
8801700401627,MjIwMgo=
8801700401628,ODUzNgo=
8801700401629,MTcxMwo=
8801700401630,NDA1Mwo=
8801700401631,ODUxMAo=
8801700401632,NzQ5MQo=
8801700401633,MzM5MQo=
8801700401634,MDkwMwo=
8801700401635,MzcxNAo=
8801700401636,NzE2OAo=
8801700401637,MzYzMwo=
8801700401638,NjM4OQo=
8801700401639,OTEzNgo=
8801700401640,MzA2OAo=
8801700401641,OTUzNQo=
8801700401642,NjY0NQo=
8801700401643,NjAzOAo=
8801700401644,OTExMAo=
8801700401645,MDEwNAo=
8801700401646,MTUzMQo=
8801700401647,Njk4Mwo=
8801700401648,NjY2MAo=
8801700401649,MTUzMQo=
8801700401650,MjMxNwo=
8801700401651,MDcwNQo=
8801700401652,Nzc2Mwo=
8801700401653,ODA5OAo=
8801700401654,NzY0MQo=
8801700401655,ODI3MQo=
8801700401656,ODQ5MQo=
8801700401657,MDcyNQo=
8801700401658,ODU4MQo=
8801700401659,MTIwNwo=
8801700401660,MTE0MQo=
8801700401661,ODgzNAo=
8801700401662,MDYwNAo=
8801700401663,Nzg0MAo=
8801700401664,Mjk3Nwo=
8801700401665,NzU4NQo=
8801700401666,MzIxOQo=
8801700401667,MDM0Mgo=
8801700401668,OTE1NAo=
8801700401669,NjQwNQo=
8801700401670,ODAzOAo=
8801700401671,NDE0MAo=
8801700401672,NDU5Ngo=
8801700401673,NzQ2Mgo=
8801700401674,Mjk1OAo=
8801700401675,MTY4OAo=
8801700401676,NTI4Ngo=
8801700401677,MTE2NAo=
8801700401678,NDMwOAo=
8801700401679,NzI5OQo=
8801700401680,NzcyNAo=
8801700401681,MjcyMgo=
8801700401682,NDU2Mgo=
8801700401683,NzExNQo=
8801700401684,Nzg2OQo=
8801700401685,MTEwNwo=
8801700401686,MzI1Ngo=
8801700401687,Mzc1NAo=
8801700401688,NzEwOQo=
8801700401689,MDE5NQo=
8801700401690,NjY4Mgo=
8801700401691,MTY1NAo=
8801700401692,NTc0Mgo=
8801700401693,MDE1MQo=
8801700401694,MjgzMgo=
8801700401695,ODI5Nwo=
8801700401696,NzQzMwo=
8801700401697,NTUzOAo=
8801700401698,MTk0OQo=
8801700401699,NTkyNgo=
8801700401700,MzgxNQo=
8801700401701,MTM0Mwo=
8801700401702,MzMxOAo=
8801700401703,Mjk2Mgo=
8801700401704,MDQ1MQo=
8801700401705,MzY0NAo=
8801700401706,Nzg3MQo=
8801700401707,ODg5MAo=
8801700401708,NTM5Mgo=
8801700401709,Njg0NQo=
8801700401710,NzMyMwo=
8801700401711,MDcxOAo=
8801700401712,MzkxOAo=
8801700401713,OTcxOAo=
8801700401714,NzIyMAo=
8801700401715,OTYwNAo=
8801700401716,NDgxMQo=
8801700401717,NzAzMAo=
8801700401718,ODYyNAo=
8801700401719,MTUwOQo=
8801700401720,NDM1MAo=
8801700401721,MTc5Ngo=
8801700401722,ODcyMQo=
8801700401723,NzM5Nwo=
8801700401724,MTU2Mgo=
8801700401725,NTcxMwo=
8801700401726,ODcyNAo=
8801700401727,NTUyMgo=
8801700401728,MDAwNgo=
8801700401729,NjA2Mwo=
8801700401730,NjkyMQo=
8801700401731,MjI2NAo=
8801700401732,NTM3OQo=
8801700401733,OTQ1Nwo=
8801700401734,MTQwNgo=
8801700401735,NzAxOAo=
8801700401736,ODc0Mgo=
8801700401737,MTU1NAo=
8801700401738,NDYzNQo=
8801700401739,MTAzMgo=
8801700401740,MzcwNQo=
8801700401741,ODU4NQo=
8801700401742,OTQ3Ngo=
8801700401743,ODcyNQo=
8801700401744,OTU1NQo=
8801700401745,NjkzNwo=
8801700401746,Mzc0NAo=
8801700401747,MjE3Nwo=
8801700401748,NjMwMgo=
8801700401749,NjQ1OAo=
8801700401750,MzIwMgo=
8801700401751,MjIzOAo=
8801700401752,NTY5MAo=
8801700401753,NzkyMwo=
8801700401754,NjY4Nwo=
8801700401755,ODA5Mwo=
8801700401756,MzE2Ngo=
8801700401757,MzYyOQo=
8801700401758,NTQyMAo=
8801700401759,NDA4NAo=
8801700401760,MDIxMgo=
8801700401761,MDU1NQo=
8801700401762,NTE0MQo=
8801700401763,NTAxMQo=
8801700401764,Mzc0MQo=
8801700401765,NDk2MQo=
8801700401766,ODkzOQo=
8801700401767,Mzg4Mwo=
8801700401768,NTM0MAo=
8801700401769,NjUzNQo=
8801700401770,NjIwOQo=
8801700401771,ODQ5MQo=
8801700401772,MDI1Mwo=
8801700401773,OTEzOQo=
8801700401774,Mzk4NAo=
8801700401775,NTM5Mwo=
8801700401776,Mzc5Ngo=
8801700401777,NTM2MQo=
8801700401778,Mzg3NAo=
8801700401779,ODc2Mwo=
8801700401780,MzYyMgo=
8801700401781,MDQxNAo=
8801700401782,MTAwMAo=
8801700401783,NDc2NAo=
8801700401784,MTIzMwo=
8801700401785,MDc4OQo=
8801700401786,NjE2Ngo=
8801700401787,MDA2OAo=
8801700401788,OTQ0MAo=
8801700401789,NzczMwo=
8801700401790,ODQ5Nwo=
8801700401791,NDE2OAo=
8801700401792,MDExNAo=
8801700401793,MzQ2Mwo=
8801700401794,OTU3Mwo=
8801700401795,ODY5Nwo=
8801700401796,MTQ4OQo=
8801700401797,MDkzNQo=
8801700401798,MDMwMAo=
8801700401799,NTA0OQo=
8801700401800,NTE2OQo=
8801700401801,NTcwMwo=
8801700401802,MzgyNwo=
8801700401803,ODc0MQo=
8801700401804,Nzk2OQo=
8801700401805,ODgyNQo=
8801700401806,NTgxOQo=
8801700401807,NTEwMgo=
8801700401808,NDY2Mgo=
8801700401809,Nzc1MAo=
8801700401810,MzE4Mgo=
8801700401811,NjUzMAo=
8801700401812,MDAyNQo=
8801700401813,OTI2MQo=
8801700401814,NzAwNwo=
8801700401815,MzMxNAo=
8801700401816,NDAwMwo=
8801700401817,MzAyMwo=
8801700401818,NzM1Ngo=
8801700401819,OTY0Ngo=
8801700401820,ODk4Mwo=
8801700401821,MDU1Ngo=
8801700401822,MzEzMwo=
8801700401823,NDU2OQo=
8801700401824,MzM5Mwo=
8801700401825,MjE4OQo=
8801700401826,Nzg2Mgo=
8801700401827,NDU0OAo=
8801700401828,NTgyMgo=
8801700401829,MjU5Mgo=
8801700401830,MDIwNQo=
8801700401831,MDI1MAo=
8801700401832,MjYwNwo=
8801700401833,NTkzNgo=
8801700401834,MzExMQo=
8801700401835,ODYwOAo=
8801700401836,MTc3Mwo=
8801700401837,MjQ0Ngo=
8801700401838,MjAyMAo=
8801700401840,NzI0Nwo=
8801700401841,NzU5MAo=
8801700401842,MTQ0MAo=
8801700401843,NjIwMAo=
8801700401844,NzIzOAo=
8801700401845,MjQxNAo=
8801700401846,NzIwMgo=
8801700401847,NDk2OAo=
8801700401848,OTE2MQo=
8801700401849,Njk2Mwo=
8801700401850,MTMwMAo=
8801700401851,MzgyNgo=
8801700401852,NzIzNwo=
8801700401853,MDU2OQo=
8801700401854,MjIwNwo=
8801700401855,ODE0NQo=
8801700401856,ODkwNgo=
8801700401857,ODg5NQo=
8801700401858,NDM3MQo=
8801700401859,MTQ0Ngo=
8801700401860,MjgzNgo=
8801700401861,OTMzMAo=
8801700401862,Mzk5OQo=
8801700401863,MTU4NAo=
8801700401864,OTkzMQo=
8801700401865,NjExMAo=
8801700401866,ODA3MQo=
8801700401867,MzY3MQo=
8801700401868,MzA4Mwo=
8801700401869,NDk5OQo=
8801700401870,OTk4Mgo=
8801700401871,MDU5Ngo=
8801700401872,NTE1OAo=
8801700401873,NDEzOQo=
8801700401874,MTQxNwo=
8801700401875,MDM1Mgo=
8801700401876,NTcwNwo=
8801700401877,MDI1OQo=
8801700401878,NjA0NQo=
8801700401879,NDE4NQo=
8801700401880,NzU0MQo=
8801700401881,NzI0NQo=
8801700401882,NTIxOQo=
8801700401883,OTA4MAo=
8801700401884,NDk5MQo=
8801700401885,NTI0OQo=
8801700401886,NzE0OAo=
8801700401887,NDY4Mgo=
8801700401888,MTMyNAo=
8801700401889,MDE1NQo=
8801700401890,MjE5Ngo=
8801700401891,NTk0Ngo=
8801700401892,MTgyOQo=
8801700401893,ODE2Ngo=
8801700401894,Mzc2NAo=
8801700401895,MTEyOAo=
8801700401896,NDQ5OQo=
8801700401897,MDkzNQo=
8801700401898,NjA5NQo=
8801700401899,MTEyNgo=
8801700401900,MjgyNwo=
8801700401901,NDk5OQo=
8801700401902,ODUxNwo=
8801700401903,MTI2OQo=
8801700401904,NzQ4NQo=
8801700401905,NjYwOAo=
8801700401906,MDc3Mwo=
8801700401907,ODA4Mwo=
8801700401908,MDczOAo=
8801700401909,NTY0NAo=
8801700401910,ODg3Nwo=
8801700401911,ODM4MQo=
8801700401912,MTMyNwo=
8801700401913,OTAzMgo=
8801700401914,NzUzNQo=
8801700401915,NjYyMQo=
8801700401916,NDg4MQo=
8801700401917,MjAyNAo=
8801700401918,ODM3OAo=
8801700401919,Mzc2Mwo=
8801700401920,MDcxOAo=
8801700401921,MDg5Mwo=
8801700401922,MDAyNgo=
8801700401923,NjI4MQo=
8801700401924,NTQ5OAo=
8801700401925,NDE4Mwo=
8801700401926,NTE0Mgo=
8801700401927,NDk4OQo=
8801700401928,MjQ0OAo=
8801700401929,ODc3OAo=
8801700401930,MzI1NQo=
8801700401931,MzgwMAo=
8801700401932,NjE1Mgo=
8801700401933,Mzg2NQo=
8801700401934,MjExMAo=
8801700401935,Nzg1Mwo=
8801700401936,MzY2NQo=
8801700401937,ODU5Nwo=
8801700401938,ODE3Nwo=
8801700401939,MDcwNgo=
8801700401940,NDkwOAo=
8801700401941,NzczMQo=
8801700401942,NTcxNQo=
8801700401943,OTc1Mwo=
8801700401944,NTY4Ngo=
8801700401945,MjM3Mgo=
8801700401946,ODQ4MAo=
8801700401947,Njk3MQo=
8801700401948,MTE0OQo=
8801700401949,NDM5Mgo=
8801700401950,MDYwNgo=
8801700401951,NzIyMAo=
8801700401952,MjU4Nwo=
8801700401953,NzM1OAo=
8801700401954,ODQ5Mwo=
8801700401955,MTgwMQo=
8801700401956,NTUwOQo=
8801700401957,NjgyOQo=
8801700401958,MTA1NAo=
8801700401959,ODA1MAo=
8801700401960,MTY1OQo=
8801700401961,ODgyNgo=
8801700401962,OTYwOAo=
8801700401963,ODg2OAo=
8801700401964,Mjc1NAo=
8801700401965,Mjg5Mwo=
8801700401966,NDk5Mwo=
8801700401967,MDc5Mgo=
8801700401968,MDE0Mgo=
8801700401969,MTk0NQo=
8801700401970,NzkyNwo=
8801700401971,NDI1MQo=
8801700401972,OTg3OAo=
8801700401973,OTM1OAo=
8801700401974,ODg0NQo=
8801700401975,MDY5OAo=
8801700401976,NDYwNgo=
8801700401977,OTQ2MQo=
8801700401978,Nzk5Nwo=
8801700401979,NzI4NQo=
8801700401981,MzcwMwo=
8801700401982,ODY3Nwo=
8801700401983,NDY4NAo=
8801700401984,Njc4OQo=
8801700401985,MTA3Nwo=
8801700401986,NjIyNwo=
8801700401987,NDA0MQo=
8801700401988,MDM4Mwo=
8801700401989,MTA4NAo=
8801700401990,NDY2NQo=
8801700401991,MjQ0OQo=
8801700401992,MzIyMQo=
8801700401993,ODY1NQo=
8801700401994,MDk4Mgo=
8801700401995,ODI4MAo=
8801700401996,Njk3MAo=
8801700401997,NTcxNgo=
8801700401998,MjQ2OAo=
8801700401999,NTMzOAo=
8801700402000,Nzg3MAo=
8801700402001,OTcxNgo=
8801700402002,NjkwNAo=
8801700402003,NjI4MAo=
8801700402004,MjI2NAo=
8801700402005,MjA4NAo=
8801700402006,ODI4Mgo=
8801700402007,Mzk0MQo=
8801700402008,NzQwMQo=
8801700402009,ODYwOAo=
8801700402010,Mzk0MAo=
8801700402011,MjkyMwo=
8801700402012,NTU2Mgo=
8801700402013,OTY4Mwo=
8801700402014,NDExOAo=
8801700402015,MDgyMQo=
8801700402016,NjA2MQo=
8801700402017,NzI1Mgo=
8801700402018,NDMyNgo=
8801700402019,MTc2OQo=
8801700402020,Njg5OQo=
8801700402021,MDIyMgo=
8801700402022,NDEyMgo=
8801700402023,NDkyNAo=
8801700402024,MDUwMwo=
8801700402025,ODg3OAo=
8801700402026,MDczNAo=
8801700404999,Nzg2Ngo=
8801700404092,NTEwMAo=
8801700404093,OTQwMgo=
8801700404094,ODI2MAo=
8801700404095,NDE3MAo=
8801700404096,ODA1NQo=
8801700404097,Mjg3Mgo=
8801700404098,MTE0NQo=
8801700404099,NjI4Nwo=
8801700404100,Mzg1OQo=
8801700404101,ODc2MAo=
8801700404102,Mzk0Nwo=
8801700404103,MTg3Ngo=
8801700404104,NDU0OQo=
8801700404105,ODI2Nwo=
8801700404106,NzM4Nwo=
8801700404107,MDc3Ngo=
8801700404108,MjE4MQo=
8801700404109,NjkyMgo=
8801700404110,NjYyNgo=
8801700404111,NTI4Mwo=
8801700404112,MDA1MAo=
8801700404114,MjM3Ngo=
8801700404115,MjQ3OAo=
8801700404116,Mzk5Mgo=
8801700404117,ODY0OQo=
8801700404118,MDc4Mgo=
8801700404119,OTc5Mwo=
8801700404120,ODg5MQo=
8801700404121,MDIwMwo=
8801700404123,MDUxMwo=
8801700404125,NjIyNAo=
8801700404126,MDU2Mwo=
8801700404127,MzIzOQo=
8801700404128,OTczMAo=
8801700404129,NjU1Ngo=
8801700404130,MTA4Mgo=
8801700404131,NTI4Ngo=
8801700404132,Mzc3Nwo=
8801700404133,NDEyMAo=
8801700404134,ODY5Ngo=
8801700404135,ODk1MQo=
8801700404136,OTA4MQo=
8801700404137,NjIzOAo=
8801700404138,MDQ4Mwo=
8801700404139,NTUxNAo=
8801700404141,NDA3Ngo=
8801700404142,NTE0MAo=
8801700404143,MjM3Mwo=
8801700404144,MTI1NQo=
8801700404146,NjA5NQo=
8801700404147,MzEyMQo=
8801700404148,OTk5OQo=
8801700404149,NTA1MAo=
8801700404150,NDg4MAo=
8801700404151,MTYzOAo=
8801700404152,MDI2Nwo=
8801700404153,MDc0NQo=
8801700404154,ODYxMQo=
8801700404155,ODUwOQo=
8801700404156,NjkxMgo=
8801700404157,NTkyNQo=
8801700404158,OTg0Ngo=
8801700404159,MDU2Mwo=
8801700404160,MjY3MAo=
8801700404161,NDAzNQo=
8801700404162,NzE3MQo=
8801700404164,NTQ2Mgo=
8801700404166,MDUyMAo=
8801700404167,MzkxOAo=
8801700404169,Mzc2OQo=
8801700404171,OTQ5Nwo=
8801700404172,NTE0Mwo=
8801700404173,OTA2OAo=
8801700404174,NTU3Nwo=
8801700404175,NzU2OQo=
8801700404176,NDg2OAo=
8801700404177,NzgyMQo=
8801700404178,MjM2NAo=
8801700404179,MDQxOQo=
8801700404180,NDc4Mwo=
8801700404181,MDQwOQo=
8801700404182,ODUwOQo=
8801700404183,ODE2OAo=
8801700404184,NzY0Nwo=
8801700404185,NzAwOAo=
8801700404186,MDA1MAo=
8801700404187,MzU4Mgo=
8801700404188,NDE2MAo=
8801700404190,NDIzMwo=
8801700404191,Njg3NAo=
8801700404192,ODE0OQo=
8801700404193,NTcwNwo=
8801700404194,ODExNwo=
8801700404195,NDA0Mgo=
8801700404196,ODk3MAo=
8801700404197,MDU3OAo=
8801700404198,NTY0Mgo=
8801700404200,ODM2NAo=
8801700404201,NjIwMgo=
8801700404202,MzU3Mgo=
8801700404203,NTQ5Nwo=
8801700404204,MzA0NAo=
8801700404205,OTk5MQo=
8801700404206,MzYwNAo=
8801700404207,NDY1NAo=
8801700404208,NzE3OQo=
8801700404209,NzY3Nwo=
8801700404210,MzExMQo=
8801700404211,NDg3OAo=
8801700404213,MTc2NQo=
8801700404214,NzY4Ngo=
8801700404215,NzI5Nwo=
8801700404216,Mzc1MQo=
8801700404217,MjA5OQo=
8801700404218,NTQ4NAo=
8801700404219,MzA0NAo=
8801700404220,NzYzNQo=
8801700404221,NjUwNQo=
8801700404222,OTU4Mwo=
8801700404223,NTA0NQo=
8801700404224,MzI3OQo=
8801700404225,ODc1MAo=
8801700404226,ODM1NAo=
8801700404228,Mzk0Nwo=
8801700404229,OTc4MQo=
8801700404230,Njk3NQo=
8801700404231,NTA1MQo=
8801700404232,NTc5NAo=
8801700404233,NTE2MAo=
8801700404234,OTgyOAo=
8801700404235,MDU3OAo=
8801700404236,ODcyMwo=
8801700404237,ODgyMAo=
8801700404238,MDEwMwo=
8801700404239,ODQ3Nwo=
8801700404240,NzExNwo=
8801700404241,NjIwMwo=
8801700404242,MDk4Mgo=
8801700404243,MDExNQo=
8801700404244,Mjc0OAo=
8801700404245,NDIwNAo=
8801700404246,NjY2Ngo=
8801700404247,Njg4OQo=
8801700404248,NjQ1Mgo=
8801700404249,ODUyMQo=
8801700404250,NDc4Ngo=
8801700404251,MzA4OQo=
8801700404252,Nzg0MAo=
8801700404253,MTExNAo=
8801700404254,NTkyNQo=
8801700404255,OTE4OQo=
8801700404256,MTE2OQo=
8801700404257,NTU2OQo=
8801700404259,MjcxNAo=
8801700404260,Nzc3Mgo=
8801700404261,NTcxOQo=
8801700404263,NDY3NAo=
8801700404264,Njg0Mwo=
8801700404265,OTMwMwo=
8801700404266,NjcwNAo=
8801700404267,NjcyNQo=
8801700404268,NzE5MAo=
8801700404269,MTAzNQo=
8801700404270,MDk4Mgo=
8801700404271,Mjc4MAo=
8801700404273,OTYzNAo=
8801700404274,NzUzMwo=
8801700404275,NDI2NAo=
8801700404277,NDIzMgo=
8801700404278,MzAxNwo=
8801700404279,NTE4OAo=
8801700404280,MDU4OAo=
8801700404281,NDkxNwo=
8801700404282,OTI5MAo=
8801700404283,MjAyMAo=
8801700404284,NDE4Mwo=
8801700404285,Njc4MQo=
8801700404286,MTQxMAo=
8801700404287,Mjg5MQo=
8801700404288,NTUyMwo=
8801700404289,MTI5MQo=
8801700404290,NjE1NAo=
8801700404292,OTg0OAo=
8801700404293,MDA0OQo=
8801700404294,NDU0OQo=
8801700404295,MDA2Ngo=
8801700404296,NzU4MQo=
8801700404297,NjMxNwo=
8801700404298,NDAyNwo=
8801700404299,NTc3OAo=
8801700404300,Mzc0NAo=
8801700404301,MzczOAo=
8801700404302,MDg3MAo=
8801700404303,MjAwOAo=
8801700404304,NzA3NQo=
8801700404305,MzUzNAo=
8801700404307,MTgwNwo=
8801700404308,MzA5Nwo=
8801700404309,NTIxOAo=
8801700404310,MjU0OQo=
8801700404311,NTQwMgo=
8801700404312,MDM4Nwo=
8801700404313,ODIyOAo=
8801700404314,MDE1Mgo=
8801700404315,MjExOQo=
8801700404316,NzY1NAo=
8801700404317,NjM4Mgo=
8801700404318,MjY2NQo=
8801700404319,MjcxMgo=
8801700404320,NzA4NQo=
8801700404322,Njc0NAo=
8801700404323,MTUyNwo=
8801700404324,MTE1Nwo=
8801700404326,MTc4Mgo=
8801700404327,NjIyNgo=
8801700404328,NjIwNAo=
8801700404329,MzYyOQo=
8801700404330,NzYzMgo=
8801700404331,NjU0NAo=
8801700404332,MzE5Mwo=
8801700404333,MDE2MQo=
8801700404334,ODEyMgo=
8801700404336,Mzk0Mgo=
8801700404337,OTk4Mgo=
8801700404338,MDM4OAo=
8801700404340,NjAyMgo=
8801700404341,ODg1Ngo=
8801700404342,MTY5MQo=
8801700404343,NjU4Nwo=
8801700404344,OTkwOQo=
8801700404345,OTk1Nwo=
8801700404346,MDU5MAo=
8801700404347,Mjg0OQo=
8801700404348,OTA2NQo=
8801700404350,NTQ4Mwo=
8801700404351,MjA0NQo=
8801700404352,MjQ2Nwo=
8801700404354,MTQyOAo=
8801700404355,NDgyMgo=
8801700404356,NTk0NQo=
8801700404357,NzMzNgo=
8801700404358,NDU1Ngo=
8801700404359,ODM5Ngo=
8801700404360,ODQ4MQo=
8801700404361,NzU0MAo=
8801700404362,MDQzNgo=
8801700404363,NjE2NAo=
8801700404364,MDI4Mgo=
8801700404365,NzcxMgo=
8801700404366,Nzc2Mgo=
8801700404367,MDYwNAo=
8801700404369,MTQzMQo=
8801700404370,NTQ4MAo=
8801700404371,MjA0Nwo=
8801700404372,NzAwNgo=
8801700404373,OTU0Mwo=
8801700404374,NTMyMQo=
8801700404375,OTI1Mwo=
8801700404376,Mzg5MQo=
8801700404377,OTM5MAo=
8801700404378,NDM3NQo=
8801700404379,MTI2OAo=
8801700404380,MDc5Mgo=
8801700404381,NzgwOAo=
8801700404382,MTA2MQo=
8801700404383,NjY0OQo=
8801700404384,ODg0OAo=
8801700404385,NDQ4Mgo=
8801700404386,NjM5MQo=
8801700404387,ODQyNQo=
8801700404388,MDUxNwo=
8801700404389,NDUzNwo=
8801700404390,NjMzMAo=
8801700404391,NzY0MAo=
8801700404392,MzQ4Mgo=
8801700404393,NDA3Mgo=
8801700404394,OTY2OAo=
8801700404396,MzI4MQo=
8801700404397,Mjk0MQo=
8801700404398,NzUxMQo=
8801700404399,NjYxMwo=
8801700404400,NjMzMQo=
8801700404401,ODE2Nwo=
8801700404402,NDg4Ngo=
8801700404403,NTMzNwo=
8801700404404,NjM3MQo=
8801700404405,MzIxNQo=
8801700404406,NTY4OQo=
8801700404407,ODY0MAo=
8801700404408,OTkyMQo=
8801700404409,Mjg4MQo=
8801700404410,MzcwMQo=
8801700404411,ODgwNgo=
8801700404412,MjQ2OQo=
8801700404413,Mjk0Nwo=
8801700404414,NDg1OAo=
8801700404415,NTgxNgo=
8801700404416,MzMxOQo=
8801700404417,NzI2Nwo=
8801700404418,MTQwOQo=
8801700404419,NzgxNwo=
8801700404420,NjQ3OQo=
8801700404421,ODk3NQo=
8801700404422,Nzc3MQo=
8801700404423,MzI0MQo=
8801700404424,MDU1Mwo=
8801700404425,Mzg3MQo=
8801700404426,NzU3Nwo=
8801700404427,MTI0OAo=
8801700404428,Mjc2OQo=
8801700404429,NjI5Nwo=
8801700404430,NjkyNgo=
8801700404431,NzQ5MQo=
8801700404432,MTkyMQo=
8801700404433,MzY2Mwo=
8801700404434,Njk4OAo=
8801700404435,MjIyMAo=
8801700404436,NzQ4MQo=
8801700404437,ODQ0Mwo=
8801700404438,Nzk0NQo=
8801700404439,NDg1Ngo=
8801700404440,NTQxMQo=
8801700404441,OTU3NAo=
8801700404442,MDc3Nwo=
8801700404443,Nzg5Mwo=
8801700404445,NzY4OAo=
8801700404446,NjM2Mwo=
8801700404447,NTkxOAo=
8801700404448,Mjg0NQo=
8801700404449,MDE0OAo=
8801700404450,OTU1NAo=
8801700404451,MTI0Nwo=
8801700404452,Mjk5Mwo=
8801700404453,MjQwNQo=
8801700404455,ODk5Mwo=
8801700404456,MDA3MQo=
8801700404457,NjMwOAo=
8801700404458,MjU4Mwo=
8801700404459,MTgwNgo=
8801700404460,MjA0MAo=
8801700404461,ODM3Mwo=
8801700404463,MTA1Nwo=
8801700404464,NjMwMAo=
8801700404466,NjQwOAo=
8801700404468,OTI3NAo=
8801700404469,MDg4NAo=
8801700404470,NDQ0MQo=
8801700404472,NjczNwo=
8801700404473,MzA3OAo=
8801700404474,MDAxOQo=
8801700404475,NzY1MAo=
8801700404476,MjI1Mgo=
8801700404477,NzAxMwo=
8801700404478,NDY0Mwo=
8801700404479,MDUxMwo=
8801700404481,MzA0NQo=
8801700404482,NzQ3Mwo=
8801700404483,NzI1MQo=
8801700404484,ODczMgo=
8801700404485,MTc4NAo=
8801700404486,NTAxMQo=
8801700404488,OTgzOAo=
8801700404489,NjcwNAo=
8801700404490,MjEzMgo=
8801700404491,NzA3Ngo=
8801700404492,NTMxOAo=
8801700404493,ODA3MQo=
8801700404494,NTkzOAo=
8801700404496,NjY1MAo=
8801700404497,MjA2MQo=
8801700404498,NjE3NAo=
8801700404499,OTIwMwo=
8801700404501,ODAyMwo=
8801700404502,ODEwMgo=
8801700404503,ODUwOQo=
8801700404504,MTA5MAo=
8801700404505,MDU2NQo=
8801700404506,MjUwMAo=
8801700404508,NDc1OQo=
8801700404509,NTIyNwo=
8801700404510,Mjk1OAo=
8801700404511,MzM5Nwo=
8801700404512,NDY5Nwo=
8801700404513,MTEyMAo=
8801700404514,MTYzMAo=
8801700404515,NzkzNgo=
8801700404516,NjQyMQo=
8801700404517,ODgyMgo=
8801700404518,NzkwOQo=
8801700404519,NjY4MAo=
8801700404520,MDc2Mgo=
8801700404521,MzEyNwo=
8801700404522,OTk2NAo=
8801700404523,NTIzOQo=
8801700404524,Nzc1MQo=
8801700404525,OTQ5NQo=
8801700404526,MzUyMgo=
8801700404528,NDM4MQo=
8801700404529,MjAwNAo=
8801700404530,MDA4Nwo=
8801700404531,NTk5OQo=
8801700404532,OTA1OAo=
8801700404533,MDQ3MAo=
8801700404534,NjI4OQo=
8801700404535,MTE0NAo=
8801700404536,ODA4NQo=
8801700404537,Nzk5OAo=
8801700404538,ODEwMwo=
8801700404539,NTAxOAo=
8801700404540,OTcwMwo=
8801700404541,MDUzMQo=
8801700404542,NTkyOAo=
8801700404543,MTQ3MQo=
8801700404544,NzkwMAo=
8801700404545,MTk2Mwo=
8801700404546,MzQ1Mgo=
8801700404547,MTYwNwo=
8801700404548,NTk2Mgo=
8801700404549,NjQwMwo=
8801700404550,MTAzMgo=
8801700404551,NjA2OQo=
8801700404552,NzM3NQo=
8801700404553,NzMwMwo=
8801700404554,MjY0NQo=
8801700404555,MDgyNQo=
8801700404556,OTExNgo=
8801700404557,Mzk0MAo=
8801700404558,Mzk3NQo=
8801700404559,MzU4Nwo=
8801700404560,NzY0Ngo=
8801700404561,MTA4Ngo=
8801700404562,MjQzOAo=
8801700404563,MDI5Ngo=
8801700404564,MTg3OQo=
8801700404565,MjEwMgo=
8801700404566,MTM3NAo=
8801700404567,NjM1MAo=
8801700404568,MjY2NAo=
8801700404569,MTc1NAo=
8801700404570,NjE4Mwo=
8801700404571,NTc1Nwo=
8801700404572,OTI5OQo=
8801700404573,NTI1Nwo=
8801700404574,ODk4OAo=
8801700404575,MzUzMAo=
8801700404576,OTMwMgo=
8801700404577,ODMyMAo=
8801700404578,ODA5Ngo=
8801700404579,NTQ0MAo=
8801700404580,NTYyOQo=
8801700404581,MzIwNAo=
8801700404582,MzUwMAo=
8801700404583,NDMzMAo=
8801700404584,MTE3MQo=
8801700404585,NjEyMQo=
8801700404586,OTIwOQo=
8801700404587,NTU2MQo=
8801700404588,Mjk5Mwo=
8801700404589,Njc3MAo=
8801700404590,NDU0Mgo=
8801700404591,NjM4NAo=
8801700404592,NzQ4NQo=
8801700404593,MDIyOAo=
8801700404594,OTczOAo=
8801700404595,MDU5Nwo=
8801700404596,Njk5Mgo=
8801700404597,MjU1MAo=
8801700404598,MDQ2OQo=
8801700404599,MDc2Mwo=
8801700404600,NzM5MQo=
8801700404601,MjYxMAo=
8801700404602,NjgxMwo=
8801700404603,OTMyOAo=
8801700404604,MDkwNwo=
8801700404605,NzcwMQo=
8801700404606,Nzc1NAo=
8801700404607,MTk2MAo=
8801700404608,OTU3Ngo=
8801700404609,NTE0MQo=
8801700404610,NjI3Mwo=
8801700404611,Nzg3NAo=
8801700404612,NDA4Mgo=
8801700404613,MTM3NQo=
8801700404614,NjE1OQo=
8801700404615,MzE2Ngo=
8801700404616,NDY1OQo=
8801700404617,NDQ1Mgo=
8801700404618,ODg4Ngo=
8801700404619,ODU3Mgo=
8801700404620,NjY5Nwo=
8801700404621,NDk5MQo=
8801700404622,NjQ0MAo=
8801700404623,NTI3NAo=
8801700404624,NDQ3Nwo=
8801700404625,OTQ0Mwo=
8801700404626,MTMxMgo=
8801700404627,NDk4OQo=
8801700404628,MzcyMQo=
8801700404629,MDE1MQo=
8801700404630,MjE2MAo=
8801700404631,NTUwMQo=
8801700404632,ODA0Mwo=
8801700404633,MjIzMQo=
8801700404634,NzA5Nwo=
8801700404635,NDU0OAo=
8801700404636,ODYyNAo=
8801700404637,NjAzMAo=
8801700404638,MjkxNwo=
8801700404639,MDM2OAo=
8801700404640,ODYyNQo=
8801700404641,OTY2Ngo=
8801700404642,NjY5MQo=
8801700404643,MzQ5NQo=
8801700404644,MjIxOAo=
8801700404645,MDcyMAo=
8801700404646,OTAyMAo=
8801700404647,MTQ4OQo=
8801700404648,ODcxNgo=
8801700404649,Mzg0MQo=
8801700404650,MDQzMQo=
8801700404651,MDQ4NQo=
8801700404652,MzQyNgo=
8801700404653,NjQ1OAo=
8801700404654,NzMyMgo=
8801700404655,MTg3Mwo=
8801700404656,NTY1OQo=
8801700404657,NTQ2MQo=
8801700404658,NTE0Nwo=
8801700404659,MDU1Mwo=
8801700404660,NDgxOAo=
8801700404661,NjM4MQo=
8801700404662,NTAwOQo=
8801700404663,NjkyNQo=
8801700404664,NDI3Nwo=
8801700404665,MjE5NAo=
8801700404666,MDA0OAo=
8801700404667,MzU3OAo=
8801700404668,MTIyOQo=
8801700404669,NDQwOAo=
8801700404670,OTk0Nwo=
8801700404671,MDE1NAo=
8801700404672,NDg0Ngo=
8801700404673,MzA2Mgo=
8801700404674,NTAzOAo=
8801700404675,Mzg3Mgo=
8801700404676,NjIzNQo=
8801700404677,NzM5Nwo=
8801700404678,NTc2OQo=
8801700404679,NjYxOQo=
8801700404680,NzQyMAo=
8801700404681,OTY2MAo=
8801700404682,NTY0Ngo=
8801700404683,NDg2Mwo=
8801700404684,ODUwNQo=
8801700404685,NzY5NAo=
8801700404686,MDk2Nwo=
8801700404687,MTYxNQo=
8801700404688,NzMzMwo=
8801700404689,MzUxNAo=
8801700404690,ODU5Mgo=
8801700404691,ODQ4OAo=
8801700404692,Mjc2Mwo=
8801700404693,NzQzOAo=
8801700404694,NzE3Mwo=
8801700404695,NTE4Mgo=
8801700404696,OTgxOAo=
8801700404697,MDk3Mwo=
8801700404698,MDU3NAo=
8801700404699,MTczNgo=
8801700404700,NTcyNwo=
8801700404701,Mzc0NAo=
8801700404702,MTM4Mgo=
8801700404703,OTc4NAo=
8801700404704,NDk5Mgo=
8801700404705,NDgyNgo=
8801700404706,NzczMwo=
8801700404707,NTEyNAo=
8801700404708,MjExNgo=
8801700404709,OTUxNgo=
8801700404710,NzcwMAo=
8801700404711,MzQyNQo=
8801700404712,OTk4MAo=
8801700404713,NjQ3Mwo=
8801700404714,NjUzOQo=
8801700404715,MDc4NAo=
8801700404716,NjU5OQo=
8801700404717,ODQ4MQo=
8801700404718,MTc4OQo=
8801700404719,MDk4Nwo=
8801700404720,MjI1MAo=
8801700404721,NDU4OAo=
8801700404722,NjIyNQo=
8801700404723,MDM2Mwo=
8801700404724,MzIwNAo=
8801700404725,Mjg2Nwo=
8801700404726,NDk3Mgo=
8801700404727,NTAzNwo=
8801700404728,NDY3NAo=
8801700404729,ODA1Ngo=
8801700404730,NTE3MAo=
8801700404731,MDk3Ngo=
8801700404732,MTU2Ngo=
8801700404733,NjczNAo=
8801700404735,MjI0Nwo=
8801700404736,NzE2OAo=
8801700404737,ODIxOQo=
8801700404738,MDg3Mwo=
8801700404739,MzI4OAo=
8801700404740,Mjk3MAo=
8801700404741,MDQ2MAo=
8801700404742,MjAwOQo=
8801700404743,ODYwMwo=
8801700404745,ODE1NAo=
8801700404746,ODMwOQo=
8801700404747,MTIzMgo=
8801700404748,NDUyNgo=
8801700404750,Mjk4Ngo=
8801700404751,ODI5Ngo=
8801700404752,MDAxMQo=
8801700404753,MTA2OQo=
8801700404754,NDg5NQo=
8801700404755,MTIyOAo=
8801700404756,MDQzNwo=
8801700404757,Njk2NAo=
8801700404758,NDg4OQo=
8801700404759,MjkzOQo=
8801700404760,NTMxMgo=
8801700404761,NjIzNwo=
8801700404762,MDM5Nwo=
8801700404763,MDA0OAo=
8801700404764,ODQwNgo=
8801700404765,MjA4MQo=
8801700404766,MDc2Mwo=
8801700404767,NDk5Nwo=
8801700404768,MjAxNQo=
8801700404769,NjQ5MQo=
8801700404770,MTU0Mwo=
8801700404771,Nzg3MQo=
8801700404772,MDIzMAo=
8801700404773,MTAyMgo=
8801700404774,MTg4NQo=
8801700404775,NzQxNgo=
8801700404776,ODc5NQo=
8801700404777,NTg1Mwo=
8801700404778,MzAxOQo=
8801700404779,OTkyMQo=
8801700404780,OTQ2NQo=
8801700404782,MDk1OAo=
8801700404783,NzY0MQo=
8801700404784,Nzc4OAo=
8801700404785,MDcxNgo=
8801700404786,MDAyMwo=
8801700404787,NTg3MAo=
8801700404788,OTA2MAo=
8801700404789,NzY1OQo=
8801700404790,MDU3MQo=
8801700404791,NjM2Nwo=
8801700404792,NjA3MAo=
8801700404793,NTM3OAo=
8801700404794,NTYyNQo=
8801700404795,OTY1Mwo=
8801700404796,NzEyNQo=
8801700404797,ODU5MAo=
8801700404798,NDk4Mgo=
8801700404800,MDE0MAo=
8801700404801,ODc0MAo=
8801700404802,MzIwNwo=
8801700404803,MzIwOAo=
8801700404804,NzU3OQo=
8801700404805,NzUyMQo=
8801700404806,NDgyNwo=
8801700404807,NjMzMwo=
8801700404808,OTAxMgo=
8801700404809,NjA3Ngo=
8801700404810,MjE3Ngo=
8801700404812,MDQwNAo=
8801700404813,NjYwNAo=
8801700404814,MzYxNgo=
8801700404815,NzM3MQo=
8801700404816,MDQyMAo=
8801700404817,OTk4MQo=
8801700404818,MjYzNAo=
8801700404819,NzI2NQo=
8801700404820,OTQ0MQo=
8801700404821,NzQ3Ngo=
8801700404822,MzIyMgo=
8801700404823,MTg5Mwo=
8801700404824,NzMxNwo=
8801700404825,MjAyOAo=
8801700404826,NzMwOQo=
8801700404827,ODk2Nwo=
8801700404828,MzEwNgo=
8801700404829,NjgxMAo=
8801700404830,NDYxMQo=
8801700404831,OTkzOAo=
8801700404832,NDE0Mwo=
8801700404833,ODI1Mwo=
8801700404834,MDI3OAo=
8801700404835,ODEzOAo=
8801700404836,NDIzNgo=
8801700404837,NjQ4NAo=
8801700404838,NzAyNwo=
8801700404839,MDIwOQo=
8801700404840,MjY5OAo=
8801700404841,NjE5Mgo=
8801700404842,MjQ5MAo=
8801700404843,Njc4Mgo=
8801700404844,MjAzOQo=
8801700404845,ODAzMAo=
8801700404846,NzIzNgo=
8801700404847,OTI3NAo=
8801700404849,NTk3NQo=
8801700404850,MDg0Mgo=
8801700404851,NjM1Ngo=
8801700404852,ODc2MQo=
8801700404853,NDAwNAo=
8801700404854,NzY4NAo=
8801700404856,MjM4MQo=
8801700404857,MjAxNAo=
8801700404858,NTc1Ngo=
8801700404859,MzQzMgo=
8801700404861,MzQ1Mgo=
8801700404862,ODgxMAo=
8801700404863,ODU2MQo=
8801700404864,Njc3MAo=
8801700404865,NDg2OAo=
8801700404866,Mjg3MQo=
8801700404867,OTMyNQo=
8801700404868,ODY1Nwo=
8801700404869,OTU5Mwo=
8801700404871,MDY0MAo=
8801700404872,NzY1OAo=
8801700404873,NTc0Mwo=
8801700404874,NDQ3NAo=
8801700404875,ODM2MAo=
8801700404876,ODEzNgo=
8801700404877,NDkzMgo=
8801700404878,NzM1Ngo=
8801700404879,MzE3MQo=
8801700404880,ODY3Ngo=
8801700404881,NjM1NAo=
8801700404882,MDQ0MAo=
8801700404883,MTI3OQo=
8801700404884,MTk4Nwo=
8801700404885,NjMzOQo=
8801700404886,Nzk4OQo=
8801700404887,Mzk4OAo=
8801700404888,NDk1MAo=
8801700404889,MzE0Nwo=
8801700404890,MDg2NAo=
8801700404891,MDk5Ngo=
8801700404892,Njg4OQo=
8801700404893,NzkwNwo=
8801700404894,ODc3OAo=
8801700404895,NDQzNwo=
8801700404896,Mzk2NAo=
8801700404897,MzU5OAo=
8801700404898,NDgwNgo=
8801700404899,MzI4Ngo=
8801700404900,MTU0Ngo=
8801700404901,NTU2NAo=
8801700404903,Nzc3NAo=
8801700404904,NjM4NQo=
8801700404905,MTY5Mwo=
8801700404906,MTk4MQo=
8801700404907,MTgwNwo=
8801700404908,ODc5NQo=
8801700404909,MTI4OQo=
8801700404910,MTk4Ngo=
8801700404912,NDUxNgo=
8801700404913,ODAwMAo=
8801700404914,ODkzMQo=
8801700404915,MDk1NQo=
8801700404916,MDE2Mwo=
8801700404917,MDcxMAo=
8801700404918,MTkyNwo=
8801700404919,MjA2Ngo=
8801700404920,ODk3MQo=
8801700404921,ODM4Mgo=
8801700404922,MzQzMQo=
8801700404923,NjI3MQo=
8801700404924,ODA2Nwo=
8801700404925,NTk0Mwo=
8801700404926,MTg3NQo=
8801700404927,OTUyOAo=
8801700404928,NjE5Nwo=
8801700404929,NjUwMAo=
8801700404930,NjIxNwo=
8801700404931,MDQ5MAo=
8801700404932,MDIxMgo=
8801700404933,MzI2OAo=
8801700404934,NTc2Nwo=
8801700404935,NTg4NAo=
8801700404936,MDM0OQo=
8801700404937,MjAyOAo=
8801700404938,MDkzMgo=
8801700404939,Mzc0OQo=
8801700404940,MTkxMQo=
8801700404941,ODYyMAo=
8801700404942,NDY5Nwo=
8801700404943,MDgyMQo=
8801700404944,MDAyNQo=
8801700404946,NjY1NQo=
8801700404947,NzUwMwo=
8801700404948,MDk5NAo=
8801700404949,OTcwMAo=
8801700404950,NDA1Mwo=
8801700404951,ODczNAo=
8801700404952,Njc3MQo=
8801700404953,ODg0MQo=
8801700404954,MDY0Mgo=
8801700404955,OTY0OAo=
8801700404956,MjAyMgo=
8801700404957,OTU0Ngo=
8801700404958,Njk0Mwo=
8801700404959,NDAzOAo=
8801700404960,OTgwMQo=
8801700404962,NDcwNAo=
8801700404963,NjA0Mwo=
8801700404964,MzA4Nwo=
8801700404965,MjQxOQo=
8801700404966,NDgzMQo=
8801700404967,MDc3OAo=
8801700404968,OTcwNAo=
8801700404969,ODM1MAo=
8801700404970,Nzg1NQo=
8801700404971,NjU4Mwo=
8801700404973,Njc0Ngo=
8801700404974,OTY5NAo=
8801700404975,MjY3OAo=
8801700404977,MzU5NQo=
8801700404978,MTE4Mwo=
8801700404979,MDc2Nwo=
8801700404980,MzM1MAo=
8801700404981,OTQ4NAo=
8801700404982,MTA0Mwo=
8801700404983,ODQwMQo=
8801700404984,ODQxMAo=
8801700404985,NjgxNAo=
8801700404987,MDMyMgo=
8801700404988,MDIzOAo=
8801700404989,NzYwNgo=
8801700404990,NTkxOAo=
8801700404991,NzkzNgo=
8801700404992,Nzk1Mgo=
8801700404993,NzE1Mwo=
8801700404994,ODIxOQo=
8801700404995,OTg1NQo=
8801700404997,NTE3NQo=
8801700404998,NjM1Ngo=
8801700405000,Nzc2Mwo=
8801700405001,NzcwNgo=
8801700405002,NTgxNgo=
8801700405003,NjM4MQo=
8801700405004,MjMzNAo=
8801700405005,MTU2NQo=
8801700405006,Mzc1MQo=
8801700405007,NDE0Nwo=
8801700405008,NjYyMQo=
8801700405009,ODE0Nwo=
8801700405011,NDUxOQo=
8801700405012,MjgyOQo=
8801700405013,NzQ2Mwo=
8801700405014,OTgxNwo=
8801700405015,MjczMAo=
8801700405016,MzU4NAo=
8801700405017,NjY0OAo=
8801700405018,Mzc5Mgo=
8801700405019,Nzk1Mwo=
8801700405020,NzUzNAo=
8801700405021,MjAxNAo=
8801700405022,NjcwNQo=
8801700405023,MzcxNAo=
8801700405024,MDQzNQo=
8801700405025,MjA1Ngo=
8801700405026,MDc1NQo=
8801700405027,OTg2NAo=
8801700405028,MTk2OAo=
8801700405029,MDYzNAo=
8801700405030,OTU3Ngo=
8801700405031,MTc1MAo=
8801700405032,OTU4NQo=
8801700405033,MTI3Nwo=
8801700405034,Nzg3OQo=
8801700405036,NTA5MAo=
8801700405037,ODUxOAo=
8801700405038,NjAwOQo=
8801700405040,NDY5Ngo=
8801700405041,NzgxNwo=
8801700405042,Mjg0Nwo=
8801700405043,NzczMgo=
8801700405044,NTIxNwo=
8801700405045,NTUyNwo=
8801700405046,ODc0NQo=
8801700405047,MDY5MAo=
8801700405048,NTk2MQo=
8801700405049,NDA3NAo=
8801700405050,MjExMAo=
8801700405051,NjkwNwo=
8801700405052,Mjc1MQo=
8801700405053,MDA4MQo=
8801700405054,ODQxMwo=
8801700405055,NzY0OQo=
8801700405056,Mjk0Nwo=
8801700405057,OTY3OQo=
8801700405058,NDEzNAo=
8801700405059,MzkzNgo=
8801700405060,NjY2MQo=
8801700405061,ODUzMAo=
8801700405062,NTA2NAo=
8801700405063,NzUzMgo=
8801700405064,OTg0MQo=
8801700405065,MTczNAo=
8801700405066,NTU3NAo=
8801700405067,MzcyMwo=
8801700405068,MTE2Mgo=
8801700405069,NTUxNAo=
8801700405070,NTc4Ngo=
8801700405071,MzAwMAo=
8801700405072,NzM3Mgo=
8801700405073,NTIyNgo=
8801700405074,NjIyMgo=
8801700405075,Nzk1OQo=
8801700405076,MTQ1MAo=
8801700405077,MTk5NQo=
8801700405079,Njk1MAo=
8801700405080,MTQyMAo=
8801700405083,OTQ2Mgo=
8801700405084,MjQwMQo=
8801700405085,MTIxMgo=
8801700405086,Nzc2Mgo=
8801700405087,MTk4MAo=
8801700405088,NTIzMwo=
8801700405089,OTE2MQo=
8801700405090,OTcwNQo=
8801700405091,ODczNQo=
8801700405092,MTE3Mwo=
8801700405093,Mzc3NQo=
8801700405094,MDAyNQo=
8801700405095,NzMxMQo=
8801700405096,ODMzMAo=
8801700405097,MzEwOQo=
8801700405098,NTI3Ngo=
8801700405100,MTIyMgo=
8801700405101,NDQ1MQo=
8801700405102,NTEzNwo=
8801700405103,MjA1OQo=
8801700405104,MjIxNAo=
8801700405105,MjY2Mwo=
8801700405106,NzAxOQo=
8801700405107,NDQ5NQo=
8801700405108,NzQ5Mgo=
8801700405109,MDE3NQo=
8801700405111,ODU2NQo=
8801700405112,MTIxMAo=
8801700405113,Mzc3NQo=
8801700405114,MTUxMwo=
8801700405115,OTkzNAo=
8801700405116,NzY0Ngo=
8801700405117,NDE4MAo=
8801700405118,OTM5OAo=
8801700405119,ODA3OQo=
8801700405120,OTQ3OQo=
8801700405121,MDY4Mwo=
8801700405122,Mzk1Mgo=
8801700405124,MTA5Mgo=
8801700405125,MDcyNwo=
8801700405126,ODI5NAo=
8801700405127,MDkyNQo=
8801700405128,NTE1OAo=
8801700405129,MjcxOQo=
8801700405130,NDY4Mwo=
8801700405131,OTc5OQo=
8801700405132,NDMzOAo=
8801700405133,MDE4OQo=
8801700405134,MDA0MQo=
8801700405136,NTc3Mwo=
8801700405138,ODQ4MAo=
8801700405139,NzkxNgo=
8801700405141,NjAzOQo=
8801700405142,MTAxNAo=
8801700405143,MzMwMQo=
8801700405144,MzgyNwo=
8801700405145,MzM2NQo=
8801700405146,ODgyMwo=
8801700405148,ODM1Ngo=
8801700405149,MjQ0MQo=
8801700405150,NTQ1Nwo=
8801700405151,NTg1Mgo=
8801700405152,Njk0OAo=
8801700405153,NTcyNQo=
8801700405154,MTgzMgo=
8801700405155,MTA3OQo=
8801700405156,MzYzMwo=
8801700405157,MjIzMwo=
8801700405158,NTc1MAo=
8801700405159,NzAxMQo=
8801700405160,Mjc2Mwo=
8801700405161,MDE1OAo=