SET FOREIGN_KEY_CHECKS=0;
TRUNCATE TABLE `transaction_messages`;
TRUNCATE TABLE `message_types`;
TRUNCATE TABLE `conditions`;
TRUNCATE TABLE `recipients`;
TRUNCATE TABLE `status`;
TRUNCATE TABLE `transaction_categories`;
TRUNCATE TABLE `transaction_classifiers`;
TRUNCATE TABLE `transaction_keywords`;
TRUNCATE TABLE `languages`;

INSERT INTO `conditions` (`id`, `tag`, `condition_expression`, `description`)
VALUES
	(1,'USSDCHANNEL','${(transaction.clientType?? && transaction.clientType?matches(\'USSD\', \'i\'))?string}','Matches transactions executed via USSD channel'),
	(2,'SMSCHANNEL','${(transaction.clientType?? && transaction.clientType?matches(\'SMS\', \'i\'))?string}','Matches transactions executed via SMS channel'),
	(3,'EXTERNAL_SOAP_CLIENT','${(transaction.clientType?? && transaction.clientType?matches(\'WEBSERVICE\', \'i\'))?string}','Matches transactions executed via standard Web Service channel'),
	(4,'SUPPORT_TRANSFER','${(transaction.profileId?matches(\"FOC|SALE|TRANSFER|O2C_WITHDRAW|C2C_WITHDRAW|RETURN\") && transaction.principal.principalType?string == \"AdminUser\")?string}','Matches a Manual Adjustment by an Admin User'),
	(5,'PROMOTION_SYSTEM_CHANNEL','${(transaction.clientType?? && transaction.clientType?matches(\'PROMOTIONSYSTEM\', \'i\'))?string}','Matches a transaction executed by the promotion system'),
	(6,'WEBADMIN_TRANSACTION','${(transaction.clientId?? && transaction.clientId?matches(\'webadmin\', \'i\'))?string}','Matches a transaction executed from the Web Admin portal'),
	(7,'R2R_TRANSACTION','${((transaction.senderPrincipal.principalType)?? && transaction.senderPrincipal.principalType?string == \"Reseller\" && (transaction.receiverPrincipal.principalType)?? && transaction.receiverPrincipal.principalType?string == \"Reseller\")?string}','Matches an R2R transaction'),
	(8,'RESERVE_MONEY_TOPUP','${(transaction.profileId?matches(\"TOPUP_CONFIRMATION\") && transaction.productSKU?matches(\"81|85|88|89|90|91|92|93|94\"))?string}','Matches a topup confirmation transaction for specified products'),
	(9,'RESERVE_MONEY_BILL_PAYMENT','${(transaction.profileId?matches(\"BILL_PAYMENT_RESERVE\") && transaction.productSKU == \"BILL_PAYMENT_WITH_RESERVE_MONEY\")?string}','Matches a Bill Payment reservation transaction');

INSERT INTO `languages` (`id`, `code`, `name`)
VALUES
	(1,'en','English'),
	(2,'bn','Bengali');

INSERT INTO `message_types` (`id`, `message_type`)
VALUES
	(2,'EMAIL'),
	(3,'MOBILE_PUSH'),
	(1,'SMS');

INSERT INTO `recipients` (`id`, `recipient_type`)
VALUES
	(4,'Expression'),
	(1,'Initiator'),
	(3,'Receiver'),
	(2,'Sender');

INSERT INTO `status` (`id`, `status`)
VALUES
	(1,'Active'),
	(2,'Blocked'),
	(3,'Deactivated');

INSERT INTO `transaction_categories` (`id`, `name`)
VALUES
    (4, 'P2P')
	(3,'SELF_ADMINISTRATION'),
	(2,'TOPUP'),
	(1,'TRANSFER');

INSERT INTO `transaction_classifiers` (`id`, `tag`, `transaction_classifier`)
VALUES
	(2,'CREDIT_TRANSFER','.*/(FOC|SALE|TRANSFER|O2C_WITHDRAW|C2C_WITHDRAW|RETURN)/.*/resultCode=0'),
	(8,'LINK_SUBRESELLER_REQUEST_NOTIFICATION','.*/Reseller/(RESELLER_LINK_SUB_RESELLER|REGISTER_SUB_RESELLER)/REQUEST/Completed/resultCode=1'),
	(9,'LINK_SUBRESELLER_NOTIFICATION','ERSLinkSubResellerTransaction/Reseller/RESELLER_LINK_SUB_RESELLER/REQUEST/Completed/resultCode=0'),
	(10,'RESELLER_DELINK_SUB_RESELLER_NOTIFICATION','.*/Reseller/RESELLER_DELINK_SUB_RESELLER/.*'),
	(23,'SUPPORT_TRANSFER_NOTIFICATION','.*/AdminUser/(FOC|SALE|TRANSFER|O2C_WITHDRAW|C2C_WITHDRAW|RETURN)/.*'),
	(24,'OTP_NOTIFICATION_TO_RECEIVER','.*/Reseller/CUSTOM_OPERATION_GENERATE_OTP/REQUEST/Completed/.*'),
	(26,'TRANSFER_NOTIFICATION_QUEUE','.*/(FOC|SALE|TRANSFER|O2C_WITHDRAW|C2C_WITHDRAW|RETURN)/.*'),
	(28,'BILL_PAYMENT_RESERVE_NOTIFICATION','.*/Reseller/BILL_PAYMENT_RESERVE/REQUEST/.*'),
	(29,'SELF_REGISTRATION_NOTIFICATION','.*/Reseller/SELF_REGISTRATION/REQUEST/Completed/resultCode=0'),
	(30,'TOPUP_SUCCESSFULL','ERSTopupTransaction/Reseller/(C2S_RC|C2S_PPB|C2S_PROMORC|C2S_XRC|C2S_PVAS|C2S_PROMOPPB)/REQUEST/Completed/resultCode=0'),
	(31,'TOPUP_CONFIRMATION_SUCCESSFULL','ERSTopupTransaction/Reseller/TOPUP_CONFIRMATION/REQUEST/Completed/resultCode=0'),
	(32,'SUCCESSFULL_CREDIT_TRANSFER','ERSTransferTransaction/Reseller/(FOC|SALE|TRANSFER|O2C_WITHDRAW|C2C_WITHDRAW|RETURN)/REQUEST/Completed/resultCode=0'),
	(33,'PENDING_CREDIT_TRANSFER','ERSTransferTransaction/Reseller/(FOC|SALE|TRANSFER|O2C_WITHDRAW|C2C_WITHDRAW|RETURN)/REQUEST/Pending/resultCode=1'),
	(34,'APPROVE_PENDING_CREDIT_TRANSFER','ERSTransferTransaction/Reseller/(FOC|SALE|TRANSFER|O2C_WITHDRAW|C2C_WITHDRAW|RETURN)/APPROVE/Completed/resultCode=0'),
	(35,'CANCEL_PENDING_CREDIT_TRANSFER','ERSTransferTransaction/Reseller/(FOC|SALE|TRANSFER|O2C_WITHDRAW|C2C_WITHDRAW|RETURN)/CANCEL/Cancelled/resultCode=3'),
	(36,'REVERSE_CREDIT_TRANSFER_APPROVE','ERSTransferTransaction/AdminUser/(REVERSE_FOC|REVERSE_SALE|REVERSE_TRANSFER|REVERSE_O2C_WITHDRAW|REVERSE_C2C_WITHDRAW|REVERSE_RETURN)/(REQUEST_REVERSAL|APPROVE)/Reversed/resultCode=0'),
	(37,'TRANSFER_REQUEST_REVERSAL','ERSTransferTransaction/Reseller/(REVERSE_FOC|REVERSE_SALE|REVERSE_TRANSFER|REVERSE_O2C_WITHDRAW|REVERSE_C2C_WITHDRAW|REVERSE_RETURN)/REQUEST_REVERSAL/ReversalPending/resultCode=1'),
	(38,'TRANSFER_REQUEST_REVERSAL_CANCEL','ERSTransferTransaction/AdminUser/(REVERSE_FOC|REVERSE_SALE|REVERSE_TRANSFER|REVERSE_O2C_WITHDRAW|REVERSE_C2C_WITHDRAW|REVERSE_RETURN)/CANCEL/Completed/resultCode=3'),
	(39,'DEVICE_SELL','ERSTransferTransaction/Reseller/DEVICE_SELL/REQUEST/Completed/resultCode=0\n'),
	(40,'POINTS_REDEMPTION','ERSTransferTransaction/Reseller/POINTS_REDEMPTION/REQUEST/Completed/resultCode=0'),
	(41,'PLACE_ORDER_VOUCHER','.*/Reseller/PLACE_ORDER_VOUCHER/REQUEST/Completed/resultCode=0'),
	(42,'SINGLE_VOUCHER_PURCHASE','.*/Reseller/SINGLE_VOUCHER_PURCHASE/REQUEST/Completed/resultCode=0'),
	(43,'PLACE_ORDER_VOUCHER_FAILED','.*/Reseller/PLACE_ORDER_VOUCHER/REQUEST/Failed/.*'),
	(44,'RECHARGE_WALLET','ERSTransferTransaction/Reseller/RECHARGE_WALLET/REQUEST/Completed/resultCode=0'),
	(45,'SINGLE_VOUCHER_PURCHASE_FAILED','.*/Reseller/SINGLE_VOUCHER_PURCHASE/REQUEST/Failed/.*'),
	(46,'REDEEM_VOUCHER','.*/Reseller/REDEEM_VOUCHER/REQUEST/Completed/resultCode=0'),
	(47,'RECHARGE_WALLET_FAILED','.*/Reseller/RECHARGE_WALLET/REQUEST/Failed/.*'),
	(49,'REDEEM_VOUCHER_FAILED','.*/REDEEM_VOUCHER/REQUEST/Failed/.*'),
	(50,'REDEEM_VOUCHER_SUBSCRIBER','.*/Subscriber/REDEEM_VOUCHER/REQUEST/Completed/resultCode=0'),
	(51,'P2P_FAILED', 'ERSTopupTransaction/Subscriber/P2P/REQUEST/Failed/.*'),
	(52,'TOPUP_FAILED','ERSTopupTransaction/Reseller/(C2S_RC|C2S_PPB|C2S_PROMORC|C2S_XRC|C2S_PVAS|C2S_PROMOPPB)/REQUEST/Failed/.*'),
	(53,'TRANSFER_FAILED','ERSTransferTransaction/Reseller/(FOC|SALE|TRANSFER|O2C_WITHDRAW|C2C_WITHDRAW|RETURN)/REQUEST/Failed/.*'),
	(54,'P2P_SUCCESS','ERSTopupTransaction/Subscriber/P2P/REQUEST/Completed/resultCode=0');

INSERT INTO `transaction_keywords` (`id`, `category_id`, `name`, `template_value`)
VALUES
	(1,2,'TopupAmount','<#if (transaction.topupAmount)??> ${amountUtils.formatAmount(transaction.topupAmount)}<#else>0.00</#if>'),
	(2,2,'senderBalanceAfterTopup','<#if transaction.senderBalanceAfter??> ${amountUtils.formatAmount(transaction.senderBalanceAfter)}<#else>not found</#if>'),
	(3,2,'receiverBalanceAfterTopup','<#if transaction.topupBalanceAfter??> ${amountUtils.formatAmount(transaction.topupBalanceAfter)}<#else>not found</#if>'),
	(4,1,'TransferAmount','<#if (transaction.amount)??>${amountUtils.formatAmount(transaction.amount)}<#else>0.00</#if>'),
	(5,1,'senderBalanceAfterTransfer','<#if transaction.senderBalanceAfter??>${amountUtils.formatAmount(transaction.senderBalanceAfter)}<#else>Not Found</#if>'),
	(6,1,'receiverBalanceAfterTransfer','<#if transaction.receiverBalanceAfter??>${amountUtils.formatAmount(transaction.receiverBalanceAfter)}<#else>Not Found</#if>'),
	(7,1,'senderAccount','<#if transaction.senderAccount.accountId??>${transaction.senderAccount.accountId}<#else>####</#if>'),
	(8,1,'receiverAccount','<#if transaction.receiverAccount.accountId??>${transaction.receiverAccount.accountId}<#else>####</#if>');

INSERT INTO `transaction_messages` (`id`, `msg_tag`, `msg_template`, `language_id`, `recipient_id`, `classifier_id`, `status_id`, `message_type_id`, `activation_date`, `created_by`, `created_date`, `modified_by`, `modified_date`, `expression_value`, `condition_expression`)
VALUES
	(1,'PROMO_TRANSFER_NOTIFICATION_TO_RECEIVER','You have received ${amountUtils.formatAmount(transaction.amount)} from ${transaction.senderAccount.accountId}<#if transaction.receiverBalanceAfter??>. Your balance is now ${amountUtils.formatAmount(transaction.receiverBalanceAfter)}</#if>. <#if transaction.getAccountResultData(\"BOOKKEEPING\", \"BONUS\")?has_content><#if transaction.getAccountResultData(\"BOOKKEEPING\", \"BONUS\").totalAmount.value &lt; 0>You received a bonus of ${amountUtils.formatAmount(transaction.getAccountResultData(\"BOOKKEEPING\", \"BONUS\").totalAmount.clone().negate())}. <#elseif transaction.getAccountResultData(\"BOOKKEEPING\", \"BONUS\").totalAmount.value &gt; 0> You were deducted a fee of ${amountUtils.formatAmount(transaction.getAccountResultData(\"BOOKKEEPING\", \"BONUS\").totalAmount.clone())}.</#if></#if>ref: ${transaction.ersReference}\n\nহ্যালো দয়াল',1,3,2,1,1,'2021-01-09 00:01:00','NotLoggedIn','2021-01-09 00:25:26','NotLoggedIn','2021-01-09 00:25:26',NULL,'PROMOTION_SYSTEM_CHANNEL'),
	(2,'LINK_SUBRESELLER_REQUEST_PENDING_NOTIFICATION_TO_RECEIVER','Reseller ${transaction.senderPrincipal.resellerData.resellerMSISDN} is trying to register you. Please send SMS to <short code> with SMS body \"RAPPROVE ${transaction.ersReference} <password>\" in order to become a sub-reseller. ref: ${transaction.ersReference}',1,3,8,1,1,'2021-01-11 19:36:00','NotLoggedIn','2021-01-11 19:37:39','NotLoggedIn','2021-01-11 19:37:39',NULL,NULL),
	(3,'LINK_SUBRESELLER_REQUEST_NOTIFICATION_TO_RECEIVER','Reseller ${transaction.senderPrincipal.resellerData.resellerMSISDN} has registered you to his distribution tree. ref: ${transaction.ersReference}',1,3,8,1,1,'2021-01-11 19:37:00','NotLoggedIn','2021-01-11 19:38:30','NotLoggedIn','2021-01-11 19:38:30',NULL,NULL),
	(4,'LINK_SUBRESELLER_NOTIFICATION_TO_SENDER','${transaction.receiverPrincipal.resellerData.resellerMSISDN} is now registered to you as a sub-reseller. ref: ${transaction.ersReference}',1,2,9,1,1,'2021-01-11 19:41:00','NotLoggedIn','2021-01-11 19:43:37','NotLoggedIn','2021-01-11 19:43:37',NULL,NULL),
	(5,'LINK_SUBRESELLER_NOTIFICATION_TO_RECEIVER','Reseller ${transaction.senderPrincipal.resellerData.resellerMSISDN} has registered you to his distribution tree. ref: ${transaction.ersReference}',1,3,9,1,1,'2021-01-11 19:43:00','NotLoggedIn','2021-01-11 19:44:42','NotLoggedIn','2021-01-11 19:44:42',NULL,NULL),
	(6,'RESELLER_DELINK_SUB_RESELLER_NOTIFICATION_TO_RECEIVER','${transaction.senderPrincipal.resellerData.resellerMSISDN} has removed you from his distribution tree. ref: ${transaction.ersReference}',1,3,10,1,1,'2021-01-11 19:45:00','NotLoggedIn','2021-01-11 19:47:17','NotLoggedIn','2021-01-11 19:47:17',NULL,NULL),
	(7,'SUPPORT_TRANSFER_NOTIFICATION_TO_RECEIVER','You have received ${amountUtils.formatAmount(transaction.amount)} from ${transaction.senderPrincipal.resellerData.resellerId}<#if transaction.receiverBalanceAfter??>. Your balance is now ${amountUtils.formatAmount(transaction.receiverBalanceAfter)}</#if>. ref: ${transaction.ersReference}',1,3,23,1,1,'2021-01-12 00:17:00','NotLoggedIn','2021-01-12 00:19:30','NotLoggedIn','2021-01-12 00:19:30',NULL,'WEBADMIN_TRANSACTION'),
	(8,'SUPPORT_TRANSFER_NOTIFICATION_TO_SENDER','You have transferred ${amountUtils.formatAmount(transaction.amount)} to ${transaction.receiverAccount.accountId}<#if transaction.senderBalanceAfter??>. Your balance is now ${amountUtils.formatAmount(transaction.senderBalanceAfter)}</#if>. ref: ${transaction.ersReference}',1,2,23,1,1,'2021-01-12 00:19:00','NotLoggedIn','2021-01-12 00:20:20','NotLoggedIn','2021-01-12 00:20:20',NULL,'WEBADMIN_TRANSACTION'),
	(9,'OTP_NOTIFICATION_TO_RECEIVER','Your otp is ${transaction.getField(\"OTP\")}. ref: ${transaction.ersReference}',1,2,24,1,1,'2021-01-12 00:21:00','NotLoggedIn','2021-01-12 00:22:58','NotLoggedIn','2021-01-12 00:22:58',NULL,'WEBCHANNEL_AGENT_PORTAL'),
	(10,'BILL_PAYMENT_RESERVE_NOTIFICATION_TO_SENDER','Your bill payment of ${amountUtils.formatAmount(transaction.requestedTopupAmount)} is done successfully via ${transaction.senderAccount.accountId}.<#if transaction.getAccountResultData(\"BOOKKEEPING\", \"BONUS\")?has_content><#if transaction.getAccountResultData(\"BOOKKEEPING\", \"BONUS\").totalAmount.value &lt; 0> You received a bonus of ${amountUtils.formatAmount(transaction.getAccountResultData(\"BOOKKEEPING\", \"BONUS\").totalAmount.clone().negate())}.<#elseif transaction.getAccountResultData(\"BOOKKEEPING\", \"BONUS\").totalAmount.value &gt; 0> You were deducted a fee of ${amountUtils.formatAmount(transaction.getAccountResultData(\"BOOKKEEPING\", \"BONUS\").totalAmount.clone())}.</#if></#if> ref: ${transaction.ersReference}',1,2,28,1,1,'2021-01-12 00:34:00','NotLoggedIn','2021-01-12 00:35:37','NotLoggedIn','2021-01-12 00:35:37',NULL,'RESERVE_MONEY_BILL_PAYMENT'),
	(11,'BILL_PAYMENT_RESERVE_NOTIFICATION_TO_RECEIVER','You have successfully done bill payment of ${amountUtils.formatAmount(transaction.requestedTopupAmount)} to ${transaction.topupPrincipal.principalId.id}.<#if transaction.getAccountResultData(\"BOOKKEEPING\", \"COMMISSION\")?has_content><#if transaction.getAccountResultData(\"BOOKKEEPING\", \"COMMISSION\").totalAmount.value &lt; 0> You received a commission of ${amountUtils.formatAmount(transaction.getAccountResultData(\"BOOKKEEPING\", \"COMMISSION\").totalAmount.clone().negate())}.<#elseif transaction.getAccountResultData(\"BOOKKEEPING\", \"COMMISSION\").totalAmount.value &gt; 0> You were deducted a fee of ${amountUtils.formatAmount(transaction.getAccountResultData(\"BOOKKEEPING\", \"COMMISSION\").totalAmount.clone())}.</#if></#if> ref: ${transaction.ersReference}',1,3,28,1,1,'2021-01-12 00:35:00','NotLoggedIn','2021-01-12 00:36:54','NotLoggedIn','2021-01-12 00:36:54',NULL,'RESERVE_MONEY_BILL_PAYMENT'),
	(12,'SELF_REGISTRATION_NOTIFICATION','You have succesfully registered yourself as a reseller. ref: ${transaction.ersReference}',1,3,29,1,1,'2021-01-12 00:39:00','NotLoggedIn','2021-01-12 00:40:57','NotLoggedIn','2021-01-12 00:40:57',NULL,'USSDCHANNEL'),
	(13,'SELF_REGISTRATION_ACTIVATION_CODE_NOTIFICATION','Your authentication code is <#if transaction.fields.newActivationCode?? >${transaction.fields.newActivationCode}</#if>',1,3,29,1,1,'2021-01-12 00:40:00','NotLoggedIn','2021-01-12 00:41:45','NotLoggedIn','2021-01-12 00:41:45',NULL,'USSDCHANNEL'),
	(18,'TOPUP_SUCCESS_NOTIFICATION_TO_SENDER','You have <#if transaction.fields.productName?starts_with(\"C2S\")>topped up\n<#else>###</#if> <#if (transaction.topupAmount)??> ${amountUtils.formatAmount(transaction.topupAmount)}<#else>0.00</#if> to ${transaction.topupPrincipal.principalId.id}.Your balance is now <#if transaction.senderBalanceAfter??> ${amountUtils.formatAmount(transaction.senderBalanceAfter)}<#else>not found</#if><#if transaction.getAccountResultData(\"BOOKKEEPING\", \"COMMISSION\")?has_content><#if transaction.getAccountResultData(\"BOOKKEEPING\", \"COMMISSION\").totalAmount.value &lt; 0> You received a commission of ${amountUtils.formatAmount(transaction.getAccountResultData(\"BOOKKEEPING\", \"COMMISSION\").totalAmount.clone().negate())}.<#elseif transaction.getAccountResultData(\"BOOKKEEPING\", \"COMMISSION\").totalAmount.value &gt; 0> You were deducted a fee of ${amountUtils.formatAmount(transaction.getAccountResultData(\"BOOKKEEPING\", \"COMMISSION\").totalAmount.clone())}.</#if></#if><#if transaction.productSKU?starts_with(\"20\") >External_CAM_Product_Description: ${transaction.fields.Cam_External_Description}.</#if> ref: ${transaction.ersReference}\n',1,2,30,1,1,'2021-01-27 11:08:31','NotLoggedIn','2021-01-27 11:13:41','NotLoggedIn','2021-05-31 17:52:46',NULL,NULL),
	(19,'TOPUP_CONFIRMATION_SUCCESS_TO_SENDER','You have <#if transaction.productSKU?starts_with(\"DOD\") || transaction.productSKU?starts_with(\"20\") || transaction.topupProperties.productName?starts_with(\"More\")>topped up<#elseif transaction.productSKU=\"BILL_PAYMENT_WITH_RESERVE_MONEY\">successfully done bill payment of<#elseif transaction.topupProperties.productEAN?starts_with(\"RACT\")>recharged data bundle worth<#else>###</#if> <#if (transaction.topupAmount)??> ${amountUtils.formatAmount(transaction.topupAmount)}<#else>0.00</#if> to ${transaction.topupPrincipal.principalId.id}.Your balance is now <#if transaction.senderBalanceAfter??> ${amountUtils.formatAmount(transaction.senderBalanceAfter)}<#else>not found</#if><#if transaction.getAccountResultData(\"BOOKKEEPING\", \"COMMISSION\")?has_content><#if transaction.getAccountResultData(\"BOOKKEEPING\", \"COMMISSION\").totalAmount.value &lt; 0> You received a commission of ${amountUtils.formatAmount(transaction.getAccountResultData(\"BOOKKEEPING\", \"COMMISSION\").totalAmount.clone().negate())}.<#elseif transaction.getAccountResultData(\"BOOKKEEPING\", \"COMMISSION\").totalAmount.value &gt; 0> You were deducted a fee of ${amountUtils.formatAmount(transaction.getAccountResultData(\"BOOKKEEPING\", \"COMMISSION\").totalAmount.clone())}.</#if></#if><#if transaction.productSKU?starts_with(\"20\") >External_CAM_Product_Description: ${transaction.fields.Cam_External_Description}.</#if> ref: ${transaction.ersReference}',1,2,31,1,1,'2021-01-27 11:13:27','NotLoggedIn','2021-01-27 11:15:21','NotLoggedIn','2021-01-27 11:15:21',NULL,NULL),
	(20,'C2S_SUCCESS_NOTIFICATION_TO_RECEIVER','Your account has been <#if transaction.fields.productName?starts_with(\"C2S\")>topped up with\n<#else>###</#if><#if (transaction.topupAmount)??> ${amountUtils.formatAmount(transaction.topupAmount)}<#else>0.00</#if> from ${transaction.senderAccount.accountId}.<#if transaction.topupBalanceAfter??>Your Balance is now ${amountUtils.formatAmount(transaction.topupBalanceAfter)}</#if> ref: ${transaction.ersReference}\n',1,3,30,1,1,'2021-01-27 11:27:10','NotLoggedIn','2021-01-27 11:32:58','NotLoggedIn','2021-05-31 17:54:10',NULL,NULL),
	(21,'TOPUP_CONFIRMATION_SUCCESS_TO_RECEIVER','Your account has been <#if transaction.productSKU?starts_with(\"DOD”)||transaction.productSKU?starts_with(\"20\") || transaction.topupProperties.productName?starts_with(\"More\")>topped up with<#elseif transaction.topupProperties.productEAN?starts_with(\"RACT\")>recharged with data bundle worth</#if> <#if (transaction.topupAmount)??> ${amountUtils.formatAmount(transaction.topupAmount)}<#else>0.00</#if>from ${transaction.senderAccount.accountId}.Your Balance is now <#if transaction.topupBalanceAfter??> ${amountUtils.formatAmount(transaction.topupBalanceAfter)}<#else>not found</#if>.</#if><#if transaction.receiverBonus?has_content> You received a bonus and now have ${transaction.receiverBonus}.</#if> <#if transaction.fields.rvtDA5??>In addition you got a Bonus of ${amountUtils.formatAmount(amountUtils.createAmount(transaction.fields.rvtDA5?number,transaction.topupAmount.currency))}.</#if> ref: ${transaction.ersReference}\n',1,3,31,1,1,'2021-01-27 11:32:36','NotLoggedIn','2021-01-27 11:34:01','NotLoggedIn','2021-01-27 11:34:01',NULL,NULL),
	(22,'TRANSFER_NOTIFICATION_TO_SENDER','You have transferred <#if (transaction.amount)??>${amountUtils.formatAmount(transaction.amount)}<#else>0.00</#if> to <#if transaction.receiverAccount.accountId??>${transaction.receiverAccount.accountId}<#else>####</#if><#if transaction.senderBalanceAfter??>. Your balance is now <#if transaction.senderBalanceAfter??>${amountUtils.formatAmount(transaction.senderBalanceAfter)}<#else>Not Found</#if></#if> <#if transaction.getAccountResultData(\"BOOKKEEPING\", \"COMMISSION\")?has_content><#if transaction.getAccountResultData(\"BOOKKEEPING\", \"COMMISSION\").totalAmount.value &lt; 0>You received a commission of ${amountUtils.formatAmount(transaction.getAccountResultData(\"BOOKKEEPING\", \"COMMISSION\").totalAmount.clone().negate())}.<#elseif transaction.getAccountResultData(\"BOOKKEEPING\", \"COMMISSION\").totalAmount.value &gt; 0> You were deducted a fee of ${amountUtils.formatAmount(transaction.getAccountResultData(\"BOOKKEEPING\", \"COMMISSION\").totalAmount.clone())}.</#if></#if> ref: ${transaction.ersReference}\n',1,2,2,1,1,'2021-01-31 22:18:45','NotLoggedIn','2021-01-31 22:21:32','NotLoggedIn','2021-02-01 11:05:13',NULL,NULL),
	(23,'TRANSFER_NOTIFICATION_TO_RECEIVER','You have received <#if (transaction.amount)??>${amountUtils.formatAmount(transaction.amount)}<#else>0.00</#if> from <#if transaction.senderAccount.accountId??>${transaction.senderAccount.accountId}<#else>####</#if><#if transaction.receiverBalanceAfter??>. Your balance is now <#if transaction.receiverBalanceAfter??>${amountUtils.formatAmount(transaction.receiverBalanceAfter)}<#else>Not Found</#if></#if>. <#if transaction.getAccountResultData(\"BOOKKEEPING\", \"BONUS\")?has_content><#if transaction.getAccountResultData(\"BOOKKEEPING\", \"BONUS\").totalAmount.value &lt; 0>You received a bonus of ${amountUtils.formatAmount(transaction.getAccountResultData(\"BOOKKEEPING\", \"BONUS\").totalAmount.clone().negate())}. <#elseif transaction.getAccountResultData(\"BOOKKEEPING\", \"BONUS\").totalAmount.value &gt; 0> You were deducted a fee of ${amountUtils.formatAmount(transaction.getAccountResultData(\"BOOKKEEPING\", \"BONUS\").totalAmount.clone())}.</#if></#if>ref: ${transaction.ersReference}\n',1,3,2,1,1,'2021-01-31 22:21:35','NotLoggedIn','2021-01-31 22:23:54','NotLoggedIn','2021-02-01 11:03:24',NULL,NULL),
	(24,'APPROVE_PENDING_CREDIT_TRANSFER_NOTIFICATION_TO_SENDER','You have transferred <#if (transaction.amount)??>${amountUtils.formatAmount(transaction.amount)}<#else>0.00</#if> to <#if transaction.receiverAccount.accountId??>${transaction.receiverAccount.accountId}<#else>####</#if><#if transaction.senderBalanceAfter??>. Your balance is now <#if transaction.senderBalanceAfter??>${amountUtils.formatAmount(transaction.senderBalanceAfter)}<#else>Not Found</#if></#if> <#if transaction.getAccountResultData(\"BOOKKEEPING\", \"COMMISSION\")?has_content><#if transaction.getAccountResultData(\"BOOKKEEPING\", \"COMMISSION\").totalAmount.value &lt; 0>You received a commission of ${amountUtils.formatAmount(transaction.getAccountResultData(\"BOOKKEEPING\", \"COMMISSION\").totalAmount.clone().negate())}.<#elseif transaction.getAccountResultData(\"BOOKKEEPING\", \"COMMISSION\").totalAmount.value &gt; 0> You were deducted a fee of ${amountUtils.formatAmount(transaction.getAccountResultData(\"BOOKKEEPING\", \"COMMISSION\").totalAmount.clone())}.</#if></#if> ref: ${transaction.ersReference}\n',1,2,34,1,1,'2021-01-31 22:24:43','NotLoggedIn','2021-01-31 22:27:14','NotLoggedIn','2021-02-01 17:50:23',NULL,NULL),
	(25,'APPROVE_PENDING_CREDIT_TRANSFER_NOTIFICATION_TO_RECEIVER','You have received <#if (transaction.amount)??>${amountUtils.formatAmount(transaction.amount)}<#else>0.00</#if> from <#if transaction.senderAccount.accountId??>${transaction.senderAccount.accountId}<#else>####</#if><#if transaction.receiverBalanceAfter??>. Your balance is now <#if transaction.receiverBalanceAfter??>${amountUtils.formatAmount(transaction.receiverBalanceAfter)}<#else>Not Found</#if></#if>. <#if transaction.getAccountResultData(\"BOOKKEEPING\", \"BONUS\")?has_content><#if transaction.getAccountResultData(\"BOOKKEEPING\", \"BONUS\").totalAmount.value &lt; 0>You received a bonus of ${amountUtils.formatAmount(transaction.getAccountResultData(\"BOOKKEEPING\", \"BONUS\").totalAmount.clone().negate())}. <#elseif transaction.getAccountResultData(\"BOOKKEEPING\", \"BONUS\").totalAmount.value &gt; 0> You were deducted a fee of ${amountUtils.formatAmount(transaction.getAccountResultData(\"BOOKKEEPING\", \"BONUS\").totalAmount.clone())}.</#if></#if>ref: ${transaction.ersReference}\n',1,3,34,1,1,'2021-01-31 22:27:14','NotLoggedIn','2021-01-31 22:28:10','NotLoggedIn','2021-02-01 16:46:47',NULL,NULL),
	(26,'CANCEL_PENDING_CREDIT_TRANSFER_TO_SENDER','Dear reseller, Transfer request for TransactionID:${transaction.referredTransactionErsReference} has been rejected by <#if (transaction.clientType?matches(\'webadmin\'))>DU Opera<#else>${transaction.receiverAccount.accountId}</#if>. Please contact DU customer care.',1,2,35,1,1,'2021-01-31 22:56:24','NotLoggedIn','2021-01-31 22:59:39','NotLoggedIn','2021-01-31 22:59:39',NULL,NULL),
	(27,'RECEIVER_REVERSAL_NOTIFICATION_ON_APPROVE','Dear reseller, the transaction Id ${transaction.referredTransactionErsReference} of amount <#if transaction.topupAmount??>${amountUtils.formatAmount(transaction.topupAmount)}<#elseif transaction.amount??>${amountUtils.formatAmount(transaction.amount)}</#if> has been reversed successfully. Your updated balance is ${amountUtils.formatAmount(transaction.receiverBalanceAfter)}',1,3,36,1,1,'2021-02-01 08:55:49','NotLoggedIn','2021-02-01 09:04:59','NotLoggedIn','2021-02-01 09:04:59',NULL,NULL),
	(28,'SENDER_REVERSAL_NOTIFICATION_ON_APPROVE','Dear reseller, the transaction Id ${transaction.referredTransactionErsReference} of amount <#if transaction.topupAmount??>${amountUtils.formatAmount(transaction.topupAmount)}<#elseif transaction.amount??>${amountUtils.formatAmount(transaction.amount)}</#if> has been reversed successfully. Your updated balance is ${amountUtils.formatAmount(transaction.senderBalanceAfter)}',1,2,36,1,1,'2021-02-01 09:05:09','NotLoggedIn','2021-02-01 09:06:05','NotLoggedIn','2021-02-01 09:06:05',NULL,NULL),
	(29,'TRANSFER_REQUEST_REVERSAL_TO_SENDER','Dear reseller, You have initiated reversal of Transaction ID:${transaction.ersReference} of ${amountUtils.formatAmount(transaction.amount)}, which is pending for approval by WebAdmin/${transaction.receiverAccount.accountId}.',1,2,37,1,1,'2021-02-01 09:12:44','NotLoggedIn','2021-02-01 09:13:59','NotLoggedIn','2021-02-01 09:13:59',NULL,NULL),
	(30,'TRANSFER_REQUEST_REVERSAL_TO_RECEIVER','Dear reseller,${transaction.senderAccount.accountId} has requested to reverse the transfer of ${amountUtils.formatAmount(transaction.amount)} of TID ${transaction.originalTransactionErsReference}.',1,3,37,1,1,'2021-02-01 09:14:06','NotLoggedIn','2021-02-01 09:15:48','NotLoggedIn','2021-02-01 09:15:48',NULL,NULL),
	(31,'TRANSFER_REQUEST_REVERSAL_CANCEL_TO_SENDER','Dear reseller, reversal request for TransactionID:${transaction.referredTransactionErsReference} has been rejected by <#if (transaction.clientType?matches(\'webadmin\'))>DU Operator<#else>${transaction.receiverAccount.accountId}</#if>. Please contact DU customer care.',1,2,38,1,1,'2021-02-01 09:27:54','NotLoggedIn','2021-02-01 09:29:22','NotLoggedIn','2021-02-01 09:29:22',NULL,NULL),
	(39,'DEVICE_SELL_NOTIFICATION_TO_SENDER','You have sold a device of <#if (transaction.amount)??>${amountUtils.formatAmount(transaction.amount)}<#else>0.00</#if> to <#if transaction.receiverAccount.accountId??>${transaction.receiverAccount.accountId}<#else>####</#if><#if transaction.senderBalanceAfter??>. Your balance is now <#if transaction.senderBalanceAfter??>${amountUtils.formatAmount(transaction.senderBalanceAfter)}<#else>Not Found</#if></#if> <#if transaction.getAccountResultData(\"BOOKKEEPING\", \"COMMISSION\")?has_content><#if transaction.getAccountResultData(\"BOOKKEEPING\", \"COMMISSION\").totalAmount.value &lt; 0>You received a commission of ${amountUtils.formatAmount(transaction.getAccountResultData(\"BOOKKEEPING\", \"COMMISSION\").totalAmount.clone().negate())}.<#elseif transaction.getAccountResultData(\"BOOKKEEPING\", \"COMMISSION\").totalAmount.value &gt; 0> You were deducted a fee of ${amountUtils.formatAmount(transaction.getAccountResultData(\"BOOKKEEPING\", \"COMMISSION\").totalAmount.clone())}.</#if></#if> ref: ${transaction.ersReference}\n',1,2,39,1,1,'2021-06-02 12:37:00','NotLoggedIn','2021-06-02 12:41:03','NotLoggedIn','2021-06-02 12:41:03',NULL,NULL),
	(42,'DEVICE_SELL_NOTIFICATION_TO_RECEIVER','You have purchased a device of  <#if (transaction.amount)??>${amountUtils.formatAmount(transaction.amount)}<#else>0.00</#if> from <#if transaction.senderAccount.accountId??>${transaction.senderAccount.accountId}<#else>####</#if><#if transaction.receiverBalanceAfter??>. Your balance is now <#if transaction.receiverBalanceAfter??>${amountUtils.formatAmount(transaction.receiverBalanceAfter)}<#else>Not Found</#if></#if>. <#if transaction.getAccountResultData(\"BOOKKEEPING\", \"BONUS\")?has_content><#if transaction.getAccountResultData(\"BOOKKEEPING\", \"BONUS\").totalAmount.value &lt; 0>You received a bonus of ${amountUtils.formatAmount(transaction.getAccountResultData(\"BOOKKEEPING\", \"BONUS\").totalAmount.clone().negate())}. <#elseif transaction.getAccountResultData(\"BOOKKEEPING\", \"BONUS\").totalAmount.value &gt; 0> You were deducted a fee of ${amountUtils.formatAmount(transaction.getAccountResultData(\"BOOKKEEPING\", \"BONUS\").totalAmount.clone())}.</#if></#if>ref: ${transaction.ersReference}\n',1,3,39,1,1,'2021-06-02 12:57:00','NotLoggedIn','2021-06-02 12:59:23','NotLoggedIn','2021-06-02 12:59:23',NULL,NULL),
	(45,'POINTS_REDEMPTION_NOTIFICATION_TO_SENDER','You have redeemed points of <#if (transaction.amount)??>${amountUtils.formatAmount(transaction.amount)}<#else>0.00</#if> to <#if transaction.receiverAccount.accountId??>${transaction.receiverAccount.accountId}<#else>####</#if><#if transaction.senderBalanceAfter??>. Your point balance is now <#if transaction.senderBalanceAfter??>${amountUtils.formatAmount(transaction.senderBalanceAfter)}<#else>Not Found</#if></#if> <#if transaction.getAccountResultData(\"BOOKKEEPING\", \"COMMISSION\")?has_content><#if transaction.getAccountResultData(\"BOOKKEEPING\", \"COMMISSION\").totalAmount.value &lt; 0>You received a commission of ${amountUtils.formatAmount(transaction.getAccountResultData(\"BOOKKEEPING\", \"COMMISSION\").totalAmount.clone().negate())}.<#elseif transaction.getAccountResultData(\"BOOKKEEPING\", \"COMMISSION\").totalAmount.value &gt; 0> You were deducted a fee of ${amountUtils.formatAmount(transaction.getAccountResultData(\"BOOKKEEPING\", \"COMMISSION\").totalAmount.clone())}.</#if></#if> ref: ${transaction.ersReference}\n',1,2,40,1,1,'2021-06-02 13:24:00','NotLoggedIn','2021-06-02 13:26:53','NotLoggedIn','2021-06-02 13:26:53',NULL,NULL),
	(48,'POINTS_REDEMPTION_NOTIFICATION_TO_RECEIVER','You have received bonus of <#if (transaction.amount)??>${amountUtils.formatAmount(transaction.amount)}<#else>0.00</#if> from <#if transaction.senderAccount.accountId??>${transaction.senderAccount.accountId}<#else>####</#if><#if transaction.receiverBalanceAfter??>. Your balance is now <#if transaction.receiverBalanceAfter??>${amountUtils.formatAmount(transaction.receiverBalanceAfter)}<#else>Not Found</#if></#if>. <#if transaction.getAccountResultData(\"BOOKKEEPING\", \"BONUS\")?has_content><#if transaction.getAccountResultData(\"BOOKKEEPING\", \"BONUS\").totalAmount.value &lt; 0>You received a bonus of ${amountUtils.formatAmount(transaction.getAccountResultData(\"BOOKKEEPING\", \"BONUS\").totalAmount.clone().negate())}. <#elseif transaction.getAccountResultData(\"BOOKKEEPING\", \"BONUS\").totalAmount.value &gt; 0> You were deducted a fee of ${amountUtils.formatAmount(transaction.getAccountResultData(\"BOOKKEEPING\", \"BONUS\").totalAmount.clone())}.</#if></#if>ref: ${transaction.ersReference}\n',1,3,40,1,1,'2021-06-02 13:33:00','NotLoggedIn','2021-06-02 13:35:14','NotLoggedIn','2021-06-02 13:35:14',NULL,NULL),
	(51,'PLACE_ORDER_SUCCESS_NOTIFICATION_TO_SENDER','Your Bulk voucher order place is submitted. OrderId is ${transaction.fields.vms_order_id}.Your order state is ${transaction.fields.vms_order_state} ',1,2,41,1,1,'2021-10-08 07:45:00','NotLoggedIn','2021-10-08 08:07:47','NotLoggedIn','2021-11-02 16:45:43',NULL,NULL),
	(54,'SINGLE_VOUCHER_PURCHASE_NOTIFICATION_TO_SENDER','You have sold a voucher with serial :${transaction.resultProperties.get(\"vms_voucher_serial\")}.Amount: ${transaction.resultProperties.get(\"vms_denomination\")}.Ref: ${transaction.ersReference}',1,2,42,1,1,'2021-10-08 11:52:00','NotLoggedIn','2021-10-08 11:59:24','NotLoggedIn','2021-10-08 12:47:57',NULL,NULL),
	(57,'PLACE_ORDER_FAILED_NOTIFICATION_TO_SENDER','Bulk order place is failed.\n${transaction.resultCode.code} - ${transaction.resultCode}\n',1,2,43,1,1,'2021-10-08 14:09:00','NotLoggedIn','2021-10-08 14:20:31','NotLoggedIn','2021-10-08 14:20:31',NULL,NULL),
	(60,'RECHARGE_WALLET_SENDER','Recharge is successful.VoucherSerial is ${transaction.fields.voucherSerial} and debited amount is ${amountUtils.formatAmount(transaction.amount)}.\nRef: ${transaction.ersReference}',1,2,44,1,1,'2021-10-08 16:27:00','NotLoggedIn','2021-10-08 16:49:11','NotLoggedIn','2021-10-19 18:47:51',NULL,NULL),
	(62,'SINGLE_VOUCHER_PURCHASE_FAILED_NOTIFICATION_TO_SENDER','\n${transaction. transactionResultMessage}\n',1,2,45,1,1,'2021-10-19 17:48:00','NotLoggedIn','2021-10-19 17:51:21','NotLoggedIn','2021-10-19 17:51:21',NULL,NULL),
	(66,'REDEEM_VOUCHER_SENDER','Your account has been credited of ${amountUtils.formatAmount(transaction.amount)}.\nYour new credit is ${amountUtils.formatAmount(transaction.senderBalanceAfter)},\nValid until ${transaction.resultProperties.get(\"voucherExpiry\").\nRef: ${transaction.ersReference}',1,2,46,1,1,'2021-10-22 13:37:00','NotLoggedIn','2021-10-22 13:40:30','NotLoggedIn','2021-11-02 22:03:08',NULL,NULL),
	(69,'RECHARGE_WALLET_FAILED_SENDER','Recharge is not successful. ${transaction. transactionResultMessage}\nRef: ${transaction.ersReference}',1,2,47,1,1,'2021-10-22 14:03:00','NotLoggedIn','2021-10-22 14:06:18','NotLoggedIn','2021-11-02 21:43:54',NULL,NULL),
	(72,'PLACE_ORDER_SUCCESS_NOTIFICATION_TO_RECEIVER','Your Bulk voucher order place is submitted. OrderId is ${transaction.fields.vms_order_id}.Your order state is  ${transaction.fields.vms_order_state} ',1,3,41,1,1,'2021-11-02 16:45:00','NotLoggedIn','2021-11-02 16:46:26','NotLoggedIn','2021-11-02 16:46:26',NULL,NULL),
	(75,'PLACE_ORDER_FAILED_NOTIFICATION_TO_RECEIVER','Bulk order place is failed.\n${transaction.resultCode.code} - ${transaction.resultCode}\n',1,3,43,1,1,'2021-11-02 16:51:00','NotLoggedIn','2021-11-02 16:52:19','NotLoggedIn','2021-11-02 16:52:19',NULL,NULL),
	(78,'SINGLE_VOUCHER_PURCHASE_NOTIFICATION_TO_RECEIVER','Notification UI : You have purchased a voucher successfully.Serial - :${transaction.resultProperties.get(\"vms_voucher_serial\")} ,Pin - ${transaction.resultProperties.get(\"vms_voucher_pin\")} , Expiry - ${transaction.resultProperties.get(\"vms_voucher_expiry\")} , Denomination - ${transaction.resultProperties.get(\"vms_denomination\")}.Reference - ${transaction.ersReference}.',1,4,42,1,1,'2021-11-02 17:41:00','NotLoggedIn','2021-11-02 18:09:36','NotLoggedIn','2021-12-07 16:42:14','${(transaction.customerPrincipal.principalId.id)!\"\"}',NULL),
	(81,'RECHARGE_WALLET_RECEIVER','Redeem Voucher is successful. VoucherSerial is ${transaction.fields.voucherSerial} and amount is ${amountUtils.formatAmount(transaction.amount)}.\n<#if transaction.receiverBalanceAfter??>Balance After is ${amountUtils.formatAmount(transaction.receiverBalanceAfter)}</#if>\nRef: ${transaction.ersReference}',1,3,44,1,1,'2021-11-02 19:04:00','NotLoggedIn','2021-11-02 19:10:57','NotLoggedIn','2021-11-02 19:10:57',NULL,NULL),
	(84,'RECHARGE_WALLET_FAILED_RECEIVER','Recharge is not successful. ${transaction. transactionResultMessage}\nRef: ${transaction.ersReference}',1,3,47,1,1,'2021-11-02 21:45:00','NotLoggedIn','2021-11-02 21:45:30','NotLoggedIn','2021-11-02 21:45:30',NULL,NULL),
	(87,'REDEEM_VOUCHER_RECEIVER','Your account has been debited of ${amountUtils.formatAmount(transaction.amount)}.\nYour new credit is ${amountUtils.formatAmount(transaction.senderBalanceAfter)},\nValid until ${transaction.resultProperties.get(\"voucherExpiry\").\nRef: ${transaction.ersReference}',1,3,46,1,1,'2021-11-02 22:04:00','NotLoggedIn','2021-11-02 22:06:32','NotLoggedIn','2021-11-02 22:06:32',NULL,NULL),
	(90,'REDEEM_VOUCHER_FAILED_SENDER','Recharge is not successful. ${transaction. transactionResultMessage}.\nRef: ${transaction.ersReference}',1,2,49,1,1,'2021-11-02 22:11:00','NotLoggedIn','2021-11-02 22:12:06','NotLoggedIn','2021-11-02 22:12:30',NULL,NULL),
	(93,'REDEEM_VOUCHER_FAILED_RECEIVER','Recharge is not successful. ${transaction. transactionResultMessage}.\nRef: ${transaction.ersReference}',1,3,49,1,1,'2021-11-02 22:16:00','NotLoggedIn','2021-11-02 22:18:01','NotLoggedIn','2021-11-02 22:18:01',NULL,NULL),
	(96,'REDEEM_VOUCHER_SUBSCRIBER_SUCCESS','CHEAPER COMMUNICATIONS AT * 110 #. Your account has been recharged with ${amountUtils.formatAmount(transaction.requestedTopupAmount)} DZD.}',1,3,50,1,1,'2021-11-03 13:08:00','NotLoggedIn','2021-11-03 13:11:24','NotLoggedIn','2021-11-03 13:11:24',NULL,NULL),
	(101,'TOPUP_SUCCESS_NOTIFICATION_TO_SENDER_BENGALI','টপআপ সফল: <#if transaction.fields.productName?starts_with("C2S")>topped up<#else>###</#if> <#if (transaction.topupAmount)??> ${amountUtils.formatAmount(transaction.topupAmount)}<#else>0.00</#if> to ${transaction.topupPrincipal.principalId.id}.Your balance is now <#if transaction.senderBalanceAfter??> ${amountUtils.formatAmount(transaction.senderBalanceAfter)}<#else>not found</#if><#if transaction.getAccountResultData("BOOKKEEPING", "COMMISSION")?has_content><#if transaction.getAccountResultData("BOOKKEEPING", "COMMISSION").totalAmount.value &lt; 0> You received a commission of ${amountUtils.formatAmount(transaction.getAccountResultData("BOOKKEEPING", "COMMISSION").totalAmount.clone().negate())}.<#elseif transaction.getAccountResultData("BOOKKEEPING", "COMMISSION").totalAmount.value &gt; 0> You were deducted a fee of ${amountUtils.formatAmount(transaction.getAccountResultData("BOOKKEEPING", "COMMISSION").totalAmount.clone())}.</#if></#if><#if transaction.productSKU?starts_with("20") >External_CAM_Product_Description: ${transaction.fields.Cam_External_Description}.</#if> ref: ${transaction.ersReference}',2,2,30,1,1,'2021-01-27 11:08:31','NotLoggedIn','2021-01-27 11:13:41','NotLoggedIn','2021-05-31 17:52:46',NULL,NULL),
	(102,'TOPUP_SUCCESS_NOTIFICATION_TO_RECEIVER_BENGALI','টপআপ সফল: <#if transaction.fields.productName?starts_with(\"C2S\")>topped up with\n<#else>###</#if><#if (transaction.topupAmount)??> ${amountUtils.formatAmount(transaction.topupAmount)}<#else>0.00</#if> from ${transaction.senderAccount.accountId}.<#if transaction.topupBalanceAfter??>Your Balance is now ${amountUtils.formatAmount(transaction.topupBalanceAfter)}</#if> ref: ${transaction.ersReference}\n',2,3,30,1,1,'2021-01-27 11:27:10','NotLoggedIn','2021-01-27 11:32:58','NotLoggedIn','2021-05-31 17:54:10',NULL,NULL),
	(103,'TRANSFER_NOTIFICATION_TO_SENDER_BENGALI','ক্রেডিট স্থানান্তর সফল: transferred <#if (transaction.amount)??>${amountUtils.formatAmount(transaction.amount)}<#else>0.00</#if> to <#if transaction.receiverAccount.accountId??>${transaction.receiverAccount.accountId}<#else>####</#if><#if transaction.senderBalanceAfter??>. Your balance is now <#if transaction.senderBalanceAfter??>${amountUtils.formatAmount(transaction.senderBalanceAfter)}<#else>Not Found</#if></#if> <#if transaction.getAccountResultData(\"BOOKKEEPING\", \"COMMISSION\")?has_content><#if transaction.getAccountResultData(\"BOOKKEEPING\", \"COMMISSION\").totalAmount.value &lt; 0>You received a commission of ${amountUtils.formatAmount(transaction.getAccountResultData(\"BOOKKEEPING\", \"COMMISSION\").totalAmount.clone().negate())}.<#elseif transaction.getAccountResultData(\"BOOKKEEPING\", \"COMMISSION\").totalAmount.value &gt; 0> You were deducted a fee of ${amountUtils.formatAmount(transaction.getAccountResultData(\"BOOKKEEPING\", \"COMMISSION\").totalAmount.clone())}.</#if></#if> ref: ${transaction.ersReference}\n',2,2,2,1,1,'2021-01-31 22:18:45','NotLoggedIn','2021-01-31 22:21:32','NotLoggedIn','2021-02-01 11:05:13',NULL,NULL),
	(104,'TRANSFER_NOTIFICATION_TO_RECEIVER_BENGALI','ক্রেডিট স্থানান্তর সফল: received <#if (transaction.amount)??>${amountUtils.formatAmount(transaction.amount)}<#else>0.00</#if> from <#if transaction.senderAccount.accountId??>${transaction.senderAccount.accountId}<#else>####</#if><#if transaction.receiverBalanceAfter??>. Your balance is now <#if transaction.receiverBalanceAfter??>${amountUtils.formatAmount(transaction.receiverBalanceAfter)}<#else>Not Found</#if></#if>. <#if transaction.getAccountResultData(\"BOOKKEEPING\", \"BONUS\")?has_content><#if transaction.getAccountResultData(\"BOOKKEEPING\", \"BONUS\").totalAmount.value &lt; 0>You received a bonus of ${amountUtils.formatAmount(transaction.getAccountResultData(\"BOOKKEEPING\", \"BONUS\").totalAmount.clone().negate())}. <#elseif transaction.getAccountResultData(\"BOOKKEEPING\", \"BONUS\").totalAmount.value &gt; 0> You were deducted a fee of ${amountUtils.formatAmount(transaction.getAccountResultData(\"BOOKKEEPING\", \"BONUS\").totalAmount.clone())}.</#if></#if>ref: ${transaction.ersReference}\n',2,3,2,1,1,'2021-01-31 22:21:35','NotLoggedIn','2021-01-31 22:23:54','NotLoggedIn','2021-02-01 11:03:24',NULL,NULL),
	(105, 'P2P_FAILED_NOTIFICATION_SENDER', 'P2P failed', 1, 2, 51, 1, 1, '2021-01-31 22:18:45', 'NotLoggedIn', '2021-01-31 22:21:32', 'NotLoggedIn', '2021-02-01 11:05:13', NULL, NULL),
    (106, 'TOPUP_FAILED_NOTIFICATION_SENDER', 'TOPUP failed', 1, 2, 52, 1, 1, '2021-01-31 22:18:45', 'NotLoggedIn', '2021-01-31 22:21:32', 'NotLoggedIn', '2021-02-01 11:05:13', NULL, NULL),
    (107, 'TRANSFER_FAILED_NOTIFICATION_SENDER', 'TRANSFER failed', 1, 2, 53, 1, 1, '2021-01-31 22:18:45', 'NotLoggedIn', '2021-01-31 22:21:32', 'NotLoggedIn', '2021-02-01 11:05:13', NULL, NULL),
    (108, 'P2P_FAILED_NOTIFICATION_RECEIVER', 'P2P failed', 1, 3, 51, 1, 1, '2021-01-31 22:18:45', 'NotLoggedIn', '2021-01-31 22:21:32', 'NotLoggedIn', '2021-02-01 11:05:13', NULL, NULL),
    (109, 'TOPUP_FAILED_NOTIFICATION_RECEIVER', 'TOPUP failed', 1, 3, 52, 1, 1, '2021-01-31 22:18:45', 'NotLoggedIn', '2021-01-31 22:21:32', 'NotLoggedIn', '2021-02-01 11:05:13', NULL, NULL),
    (110, 'TRANSFER_FAILED_NOTIFICATION_RECEIVER', 'TRANSFER failed', 1, 3, 53, 1, 1, '2021-01-31 22:18:45', 'NotLoggedIn', '2021-01-31 22:21:32', 'NotLoggedIn', '2021-02-01 11:05:13', NULL, NULL),
    (111, 'P2P_FAILED_NOTIFICATION_SENDER_BENGALI', 'P2P ব্যর্থ', 2, 2, 51, 1, 1, '2021-01-31 22:18:45', 'NotLoggedIn', '2021-01-31 22:21:32', 'NotLoggedIn', '2021-02-01 11:05:13', NULL, NULL),
    (112, 'TOPUP_FAILED_NOTIFICATION_SENDER_BENGALI', 'TOPUP ব্যর্থ', 2, 2, 52, 1, 1, '2021-01-31 22:18:45', 'NotLoggedIn', '2021-01-31 22:21:32', 'NotLoggedIn', '2021-02-01 11:05:13', NULL, NULL),
    (113, 'TRANSFER_FAILED_NOTIFICATION_SENDER_BENGALI', 'TRANSFER ব্যর্থ', 2, 2, 53, 1, 1, '2021-01-31 22:18:45', 'NotLoggedIn', '2021-01-31 22:21:32', 'NotLoggedIn', '2021-02-01 11:05:13', NULL, NULL),
    (114, 'P2P_FAILED_NOTIFICATION_RECEIVER_BENGALI', 'P2P ব্যর্থ', 2, 3, 51, 1, 1, '2021-01-31 22:18:45', 'NotLoggedIn', '2021-01-31 22:21:32', 'NotLoggedIn', '2021-02-01 11:05:13', NULL, NULL),
    (115, 'TOPUP_FAILED_NOTIFICATION_RECEIVER_BENGALI', 'TOPUP ব্যর্থ', 2, 3, 52, 1, 1, '2021-01-31 22:18:45', 'NotLoggedIn', '2021-01-31 22:21:32', 'NotLoggedIn', '2021-02-01 11:05:13', NULL, NULL),
    (116, 'TRANSFER_FAILED_NOTIFICATION_RECEIVER_BENGALI', 'TRANSFER ব্যর্থ', 2, 3, 53, 1, 1, '2021-01-31 22:18:45', 'NotLoggedIn', '2021-01-31 22:21:32', 'NotLoggedIn', '2021-02-01 11:05:13', NULL, NULL),
    (117, 'P2P_SUCCESS_NOTIFICATION_SENDER', 'P2P success', 1, 2, 54, 1, 1, '2021-01-31 22:18:45', 'NotLoggedIn', '2021-01-31 22:21:32', 'NotLoggedIn', '2021-02-01 11:05:13', NULL, NULL),
    (118, 'P2P_SUCCESS_NOTIFICATION_RECEIVER', 'P2P success', 1, 3, 54, 1, 1, '2021-01-31 22:18:45', 'NotLoggedIn', '2021-01-31 22:21:32', 'NotLoggedIn', '2021-02-01 11:05:13', NULL, NULL),
    (119, 'P2P_SUCCESS_NOTIFICATION_SENDER_BENGALI', 'P2P সফল', 2, 2, 54, 1, 1, '2021-01-31 22:18:45', 'NotLoggedIn', '2021-01-31 22:21:32', 'NotLoggedIn', '2021-02-01 11:05:13', NULL, NULL),
    (120, 'P2P_SUCCESS_NOTIFICATION_RECEIVER_BENGALI', 'P2P সফল', 2, 3, 54, 1, 1, '2021-01-31 22:18:45', 'NotLoggedIn', '2021-01-31 22:21:32', 'NotLoggedIn', '2021-02-01 11:05:13', NULL, NULL),
    (121, 'TRANSFER_REVERSE_SUCCESS_SENDER', 'credit transfer reversed successful', 1, 2, 36, 1, 1, '2021-01-31 22:18:45', 'NotLoggedIn', '2021-01-31 22:21:32', 'NotLoggedIn', '2021-02-01 11:05:13', NULL, NULL),
    (122, 'TRANSFER_REVERSE_SUCCESS_SENDER_BENGALI', 'ক্রেডিট স্থানান্তর বিপরীত সফল', 2, 2, 36, 1, 1, '2021-01-31 22:18:45', 'NotLoggedIn', '2021-01-31 22:21:32', 'NotLoggedIn', '2021-02-01 11:05:13', NULL, NULL),
    (123, 'TRANSFER_REVERSE_SUCCESS_RECEIVER', 'credit transfer reversed successful', 1, 3, 36, 1, 1, '2021-01-31 22:18:45', 'NotLoggedIn', '2021-01-31 22:21:32', 'NotLoggedIn', '2021-02-01 11:05:13', NULL, NULL),
    (124, 'TRANSFER_REVERSE_SUCCESS_RECEIVER_BENGALI', 'ক্রেডিট স্থানান্তর বিপরীত সফল', 2, 3, 36, 1, 1, '2021-01-31 22:18:45', 'NotLoggedIn', '2021-01-31 22:21:32', 'NotLoggedIn', '2021-02-01 11:05:13', NULL, NULL),
    (125, 'TRANSFER_REVERSE_CANCEL_SENDER', 'credit transfer reversed cancelled', 1, 2, 38, 1, 1, '2021-01-31 22:18:45', 'NotLoggedIn', '2021-01-31 22:21:32', 'NotLoggedIn', '2021-02-01 11:05:13', NULL, NULL),
    (126, 'TRANSFER_REVERSE_CANCEL_SENDER_BENGALI', 'ক্রেডিট স্থানান্তর বিপরীত ব্যার্থ', 2, 2, 38, 1, 1, '2021-01-31 22:18:45', 'NotLoggedIn', '2021-01-31 22:21:32', 'NotLoggedIn', '2021-02-01 11:05:13', NULL, NULL),
    (127, 'TRANSFER_REVERSE_CANCEL_RECEIVER', 'credit transfer reversed cancelled', 1, 3, 38, 1, 1, '2021-01-31 22:18:45', 'NotLoggedIn', '2021-01-31 22:21:32', 'NotLoggedIn', '2021-02-01 11:05:13', NULL, NULL),
    (128, 'TRANSFER_REVERSE_CANCEL_RECEIVER_BENGALI', 'ক্রেডিট স্থানান্তর বিপরীত ব্যার্থ', 2, 3, 38, 1, 1, '2021-01-31 22:18:45', 'NotLoggedIn', '2021-01-31 22:21:32', 'NotLoggedIn', '2021-02-01 11:05:13', NULL, NULL);
SET FOREIGN_KEY_CHECKS=1;
