MSISDN1,PIN,MSISDN2,AMOUNT
8801700405162,MDEwMQo=,1700407999,20
8801700405163,MTI4OQo=,1700408000,22
8801700405164,OTMwMwo=,1700408001,22
8801700405165,NjI3Mgo=,1700408002,24
8801700405166,NDQyNQo=,1700408003,21
8801700405168,MTM4MAo=,1700408004,26
8801700405169,Nzc2NQo=,1700408005,20
8801700405170,MTQyMwo=,1700408006,23
8801700405171,MjEwMAo=,1700408007,20
8801700405172,NDAxNQo=,1700408008,21
8801700405173,MTk5Mwo=,1700408009,23
8801700405174,MDQzMQo=,1700408010,27
8801700405175,Mzg0OQo=,1700408011,23
8801700405176,Mjc3Mwo=,1700408012,27
8801700405177,ODgwOQo=,1700408013,21
8801700405178,MDg0Nwo=,1700408014,23
8801700405179,NjU0NQo=,1700408015,21
8801700405180,NDA2OAo=,1700408016,25
8801700405181,NjEwMAo=,1700408017,22
8801700405182,OTkyOQo=,1700408018,27
8801700405183,MDk1OAo=,1700408019,21
8801700405185,MzI5MAo=,1700408020,25
8801700405186,MzM0Nwo=,1700408021,23
8801700405188,MDY1NQo=,1700408022,21
8801700405189,MDQyMgo=,1700408023,23
8801700405190,NzQzNAo=,1700408024,20
8801700405191,MDQzMAo=,1700408025,21
8801700405192,NzM0OAo=,1700408026,20
8801700405193,OTcwOQo=,1700408027,21
8801700405194,MTIwNwo=,1700408028,20
8801700405195,ODg4OAo=,1700408029,23
8801700405196,MTg0Mwo=,1700408030,23
8801700405197,NDgyMwo=,1700408031,26
8801700405198,MDg2OQo=,1700408032,21
8801700405199,NDc2Nwo=,1700408033,21
8801700405200,NjgxNAo=,1700408034,24
8801700405201,MzU2OAo=,1700408035,23
8801700405202,Mzc4OQo=,1700408036,25
8801700405203,MDUxNQo=,1700408037,23
8801700405204,MTU1MAo=,1700408038,22
8801700405205,NzcxNgo=,1700408039,25
8801700405206,NDY4MQo=,1700408040,23
8801700405208,NTkyNQo=,1700408041,22
8801700405209,NTU5Ngo=,1700408042,25
8801700405210,MjI5MQo=,1700408043,26
8801700405211,MjEwNwo=,1700408044,25
8801700405212,OTk4Ngo=,1700408045,25
8801700405213,MDU5Ngo=,1700408046,27
8801700405214,Nzk0Mwo=,1700408047,27
8801700405215,MjUyOAo=,1700408048,24
8801700405216,NzQ4Nwo=,1700408049,26
8801700405218,Njg2MAo=,1700408050,23
8801700405220,MTQ1Mwo=,1700408051,22
8801700405221,MTkzMgo=,1700408052,26
8801700405222,Mjg1OAo=,1700408053,23
8801700405223,Nzc2NQo=,1700408054,23
8801700405224,NzA4Nwo=,1700408055,27
8801700405225,NjcxMAo=,1700408056,26
8801700405226,NDE2OQo=,1700408057,26
8801700405227,NzU5NQo=,1700408058,22
8801700405228,MDUyOAo=,1700408059,20
8801700405229,ODM1NAo=,1700408060,23
8801700405230,MzE1NQo=,1700408061,21
8801700405231,NjA4Mwo=,1700408062,20
8801700405232,MzA4MQo=,1700408063,21
8801700405233,OTU4MQo=,1700408064,23
8801700405234,OTk3OQo=,1700408065,27
8801700405235,Mjk3NQo=,1700408066,21
8801700405236,ODA1Mwo=,1700408067,20
8801700405237,NDY4Ngo=,1700408068,25
8801700405238,NDc5MAo=,1700408069,27
8801700405239,NDQ4Ngo=,1700408070,27
8801700405240,MjM0Ngo=,1700408071,25
8801700405241,OTk3NQo=,1700408072,21
8801700405242,NTA4OAo=,1700408073,22
8801700405243,NzY1Nwo=,1700408074,21
8801700405244,MDEzOQo=,1700408075,25
8801700405245,MzAwMAo=,1700408076,22
8801700405246,OTI4NQo=,1700408077,20
8801700405247,MTc5NAo=,1700408078,27
8801700405249,NjE1OAo=,1700408079,27
8801700405250,NzgyMgo=,1700408080,23
8801700405251,MDQ0MQo=,1700408081,26
8801700405252,NDkwMgo=,1700408082,26
8801700405253,MzkzOAo=,1700408083,26
8801700405254,Mjk1Mwo=,1700408084,26
8801700405255,MzU1Ngo=,1700408085,21
8801700405256,ODk0MQo=,1700408086,26
8801700405257,NDc4MAo=,1700408087,21
8801700405258,NjUwMwo=,1700408088,26
8801700405259,MjE1NAo=,1700408089,25
8801700405260,NTQ1NQo=,1700408090,27
8801700405262,MzQ4MQo=,1700408091,24
8801700405263,MjA4Ngo=,1700408092,20
8801700405264,MjUzNAo=,1700408093,22
8801700405265,NzQ4MAo=,1700408094,24
8801700405266,MzI3Ngo=,1700408095,24
8801700405267,Mzk3MAo=,1700408096,27
8801700405268,OTQ2Mgo=,1700408097,20
8801700405269,Mjc4NQo=,1700408098,24
8801700405270,MzkwMQo=,1700408099,22
8801700405271,Njc4Ngo=,1700408100,25
8801700405272,MDM4NQo=,1700408101,26
8801700405273,NTY1Nwo=,1700408102,24
8801700405274,MDk5Mwo=,1700408103,20
8801700405275,Mjc4Ngo=,1700408104,22
8801700405276,Nzk4MAo=,1700408105,22
8801700405277,NDgwOAo=,1700408106,26
8801700405278,MTI0OQo=,1700408107,26
8801700405279,OTM5NQo=,1700408108,20
8801700405280,MTI3Nwo=,1700408109,23
8801700405281,NjkzMwo=,1700408110,27
8801700405282,NjY5Ngo=,1700408111,24
8801700405284,MTU1NAo=,1700408112,26
8801700405285,ODA0MAo=,1700408113,27
8801700405286,OTYxMAo=,1700408114,23
8801700405287,MjQzNQo=,1700408115,23
8801700405288,OTEwMQo=,1700408116,26
8801700405289,Njc3MAo=,1700408117,26
8801700405290,MjA3Ngo=,1700408118,27
8801700405291,MjcxNwo=,1700408119,20
8801700405292,OTQ3OAo=,1700408120,22
8801700405294,NzA0Nwo=,1700408121,22
8801700405295,NzA0Nwo=,1700408122,20
8801700405296,NzEwOQo=,1700408123,20
8801700405297,NzEyMAo=,1700408124,23
8801700405298,NzUwOAo=,1700408125,20
8801700405299,MjUxNAo=,1700408126,27
8801700405301,MjIxNAo=,1700408127,22
8801700405302,NTc0NQo=,1700408128,21
8801700405303,MTIzOAo=,1700408129,23
8801700405304,MDk3MQo=,1700408130,27
8801700405305,MDcwOAo=,1700408131,21
8801700405306,ODEzOQo=,1700408132,23
8801700405307,NjUxOAo=,1700408133,27
8801700405308,NDE0NAo=,1700408134,25
8801700405309,NjQ3Nwo=,1700408135,26
8801700405310,NTcyMwo=,1700408136,21
8801700405311,MzM0Nwo=,1700408137,23
8801700405312,NTk5OAo=,1700408138,22
8801700405313,NTY2Mwo=,1700408139,23
8801700405314,Mzc1OAo=,1700408140,24
8801700405316,OTczOAo=,1700408141,27
8801700405317,NzQ2Mwo=,1700408142,25
8801700405318,MTYwNwo=,1700408143,26
8801700405320,Mjk2MQo=,1700408144,25
8801700405321,MjEzNwo=,1700408145,22
8801700405322,MTkyMAo=,1700408146,21
8801700405323,Mjc3Mwo=,1700408147,24
8801700405324,ODA4Nwo=,1700408148,27
8801700405325,MDU4Ngo=,1700408149,23
8801700405326,ODEyNwo=,1700408150,22
8801700405327,MTQxMwo=,1700408151,24
8801700405329,MDc0Nwo=,1700408152,21
8801700405330,MjQ4Nwo=,1700408153,22
8801700405331,NTc5MAo=,1700408154,20
8801700405332,NTk5NAo=,1700408155,21
8801700405334,MzI3NQo=,1700408156,20
8801700405335,MDYyMwo=,1700408157,24
8801700405336,MTE2OAo=,1700408158,26
8801700405337,OTQ1MQo=,1700408159,24
8801700405338,MzA5Mwo=,1700408160,26
8801700405339,NzQ3MAo=,1700408161,20
8801700405340,Mjk5OQo=,1700408162,26
8801700405341,MTE4MQo=,1700408163,21
8801700405342,NTIzNgo=,1700408164,24
8801700405343,NDc2NAo=,1700408165,25
8801700405344,MTE4Mgo=,1700408166,26
8801700405345,ODkwMAo=,1700408167,24
8801700405346,NTYyNQo=,1700408168,20
8801700405347,NTcwNgo=,1700408169,27
8801700405348,ODEwOAo=,1700408170,26
8801700405349,NTIyMgo=,1700408171,27
8801700405350,NTMwNgo=,1700408172,25
8801700405351,NjQxOQo=,1700408173,21
8801700405352,NDY2NQo=,1700408174,26
8801700405353,OTk4Ngo=,1700408175,20
8801700405354,MTM0MAo=,1700408176,25
8801700405355,MzA1MQo=,1700408177,24
8801700405356,OTYzMgo=,1700408178,20
8801700405358,ODg4NQo=,1700408179,26
8801700405359,NDUzNQo=,1700408180,22
8801700405360,NTI3Nwo=,1700408181,22
8801700405361,NDUxNwo=,1700408182,27
8801700405362,NDYxNAo=,1700408183,23
8801700405363,NDQ1Ngo=,1700408184,21
8801700405364,MDU3NQo=,1700408185,25
8801700405365,MDM3Mwo=,1700408186,23
8801700405366,MjYyMQo=,1700408187,25
8801700405367,MDQ0OAo=,1700408188,21
8801700405368,OTIxMAo=,1700408189,23
8801700405369,NDQ5MQo=,1700408190,22
8801700405370,MDAxNAo=,1700408191,22
8801700405371,NDAxMwo=,1700408192,26
8801700405372,NDAxNwo=,1700408193,26
8801700405373,NzQ1MAo=,1700408194,21
8801700405374,ODQ2OQo=,1700408195,20
8801700405375,MDgzNAo=,1700408196,22
8801700405376,ODcxOQo=,1700408197,20
8801700405377,MzA2NAo=,1700408198,22
8801700405378,MTI3OAo=,1700408199,20
8801700405379,Nzg4OQo=,1700408200,27
8801700405381,MjQwMgo=,1700408201,22
8801700405382,NTQ2Ngo=,1700408202,22
8801700405383,OTMyMAo=,1700408203,26
8801700405384,Njk2OQo=,1700408204,27
8801700405385,NDE2Mgo=,1700408205,23
8801700405386,Mjc1Ngo=,1700408206,22
8801700405387,MDcxNQo=,1700408207,24
8801700405388,NDAwMwo=,1700408208,26
8801700405389,ODkxMQo=,1700408209,20
8801700405390,NzgzOAo=,1700408210,24
8801700405392,MjY5OAo=,1700408211,23
8801700405393,Mzg5Nwo=,1700408212,22
8801700405394,ODE5Mwo=,1700408213,24
8801700405395,MDU4OAo=,1700408214,22
8801700405397,MjE5Mgo=,1700408215,22
8801700405399,MTQ4NQo=,1700408216,21
8801700405400,NTY0OQo=,1700408217,27
8801700405401,ODIzMQo=,1700408218,24
8801700405403,Nzk4OQo=,1700408219,24
8801700405404,MDExMQo=,1700408220,21
8801700405405,NTE2OQo=,1700408221,20
8801700405407,OTE4NQo=,1700408222,27
8801700405408,OTk4Mgo=,1700408223,26
8801700405409,NDYwOQo=,1700408224,25
8801700405411,MzY5Nwo=,1700408225,27
8801700405412,Njg3OQo=,1700408226,23
8801700405413,NTA4OQo=,1700408227,20
8801700405415,NjcxNQo=,1700408228,20
8801700405416,NDA2Mwo=,1700408229,21
8801700405417,NzY3Mgo=,1700408230,23
8801700405418,MjI4Mwo=,1700408231,25
8801700405419,NzQ1OQo=,1700408232,20
8801700405420,NTYyOAo=,1700408233,27
8801700405421,NDU1Mwo=,1700408234,20
8801700405423,Mjg1Mgo=,1700408235,27
8801700405424,NjE3Ngo=,1700408236,25
8801700405425,NDEzMwo=,1700408237,20
8801700405426,MTMzNQo=,1700408238,21
8801700405427,MzU0Mwo=,1700408239,23
8801700405428,OTg3Mwo=,1700408240,23
8801700405429,MTU2OAo=,1700408241,22
8801700405430,NTE0Ngo=,1700408242,23
8801700405431,MjkwOQo=,1700408243,26
8801700405432,OTk4Mgo=,1700408244,26
8801700405433,NzAxMQo=,1700408245,23
8801700405434,NzQ4Mgo=,1700408246,27
8801700405435,Mjg1Ngo=,1700408247,23
8801700405436,NjAxMwo=,1700408248,25
8801700405437,OTQ5Ngo=,1700408249,21
8801700405438,ODg4NAo=,1700408250,20
8801700405439,NzUyMQo=,1700408251,23
8801700405440,NzExMwo=,1700408252,21
8801700405441,ODA1MQo=,1700408253,24
8801700405442,NzIxOAo=,1700408254,21
8801700405443,NDIwOAo=,1700408255,25
8801700405444,Mzg1MQo=,1700408256,23
8801700405445,MTIyMAo=,1700408257,21
8801700405446,NzIyMQo=,1700408258,26
8801700405449,OTc2OQo=,1700408259,26
8801700405450,NjQ2Mwo=,1700408260,24
8801700405451,MjIwNwo=,1700408261,23
8801700405452,NzM2Nwo=,1700408262,27
8801700405453,NjY3MQo=,1700408263,24
8801700405454,MzYwOQo=,1700408264,21
8801700405455,NTUyOAo=,1700408265,22
8801700405456,NTgyMQo=,1700408266,27
8801700405457,NTg1OAo=,1700408267,23
8801700405458,NTEwMwo=,1700408268,27
8801700405459,NjI2Nwo=,1700408269,23
8801700405460,NDQ0NAo=,1700408270,24
8801700405461,NjU0OQo=,1700408271,26
8801700405462,OTE3NAo=,1700408272,25
8801700405463,NDU4MQo=,1700408273,23
8801700405464,NTYwNAo=,1700408274,22
8801700405465,NDUyNwo=,1700408275,21
8801700405466,NTQ4MAo=,1700408276,23
8801700405467,MTI4OQo=,1700408277,24
8801700405468,NDQ3MQo=,1700408278,20
8801700405469,NzQ5NQo=,1700408279,26
8801700405470,OTY1OQo=,1700408280,23
8801700405471,MTk3NAo=,1700408281,25
8801700405472,ODk0OAo=,1700408282,22
8801700405473,MjMwMQo=,1700408283,22
8801700405474,MDk4Nwo=,1700408284,22
8801700405475,MDE0Mwo=,1700408285,20
8801700405476,MDIxNgo=,1700408286,26
8801700405477,NTMxNAo=,1700408287,26
8801700405478,OTI4MQo=,1700408288,26
8801700405479,NTY2NAo=,1700408289,26
8801700405480,NTI4MQo=,1700408290,20
8801700405481,Njc0NAo=,1700408291,20
8801700405482,MTg5Mgo=,1700408292,21
8801700405484,Nzg1Nwo=,1700408293,23
8801700405485,Nzk4MQo=,1700408294,27
8801700405486,Mzk3Ngo=,1700408295,23
8801700405487,NzA2Nwo=,1700408296,23
8801700405488,MDc4MAo=,1700408297,27
8801700405489,OTU2Ngo=,1700408298,26
8801700405490,MzU0MQo=,1700408299,23
8801700405491,NDk0MQo=,1700408300,25
8801700405492,MzU3NAo=,1700408301,23
8801700405494,NDYxNwo=,1700408302,23
8801700405495,MDg5OQo=,1700408303,20
8801700405496,Mzk4OAo=,1700408304,21
8801700405498,ODg4Mgo=,1700408305,21
8801700405499,MzEwOQo=,1700408306,21
8801700405500,MjczNQo=,1700408307,24
8801700405501,MjM1Mgo=,1700408308,20
8801700405502,MjE1NAo=,1700408309,23
8801700405503,NTczMAo=,1700408310,20
8801700405504,MDI1NAo=,1700408311,25
8801700405505,NTIxMQo=,1700408312,23
8801700405506,NTk2Mwo=,1700408313,20
8801700405507,NTcwNgo=,1700408314,22
8801700405508,OTY3Mwo=,1700408315,24
8801700405510,NzU5MAo=,1700408316,22
8801700405511,NjA0Mwo=,1700408317,26
8801700405512,NTY2Ngo=,1700408318,20
8801700405514,ODQ2MAo=,1700408319,22
8801700405515,MTEzNQo=,1700408320,27
8801700405516,MDIwNgo=,1700408321,22
8801700405517,NTg1MQo=,1700408322,22
8801700405518,OTcwNQo=,1700408323,24
8801700405519,NjMxNwo=,1700408324,23
8801700405520,NTg3MAo=,1700408325,25
8801700405521,NjYwMwo=,1700408326,22
8801700405522,MTY3NQo=,1700408327,22
8801700405523,NjU3Nwo=,1700408328,27
8801700405524,NTYzNgo=,1700408329,26
8801700405525,ODIzOQo=,1700408330,25
8801700405526,OTgyNQo=,1700408331,23
8801700405527,NTU2MQo=,1700408332,24
8801700405528,NDE4OQo=,1700408333,27
8801700405529,MjI4Mwo=,1700408334,26
8801700405530,NDkwOAo=,1700408335,26
8801700405531,MDQxMQo=,1700408336,20
8801700405532,ODI2Ngo=,1700408337,24
8801700405533,MDQ1MQo=,1700408338,21
8801700405534,Mjc1MQo=,1700408339,27
8801700405535,NDgxOAo=,1700408340,25
8801700405536,MjEwMwo=,1700408341,27
8801700405537,MjEwMQo=,1700408342,20
8801700405538,NDU5Nwo=,1700408343,23
8801700405539,OTgyNgo=,1700408344,22
8801700405540,OTI2NAo=,1700408345,24
8801700405541,MzE1Ngo=,1700408346,20
8801700405542,MDU0Ngo=,1700408347,26
8801700405543,MzQ4Mwo=,1700408348,24
8801700405544,MTA2Ngo=,1700408349,27
8801700405545,NTUyMAo=,1700408350,26
8801700405546,NjY4OAo=,1700408351,27
8801700405547,MDQxNgo=,1700408352,27
8801700405548,NTQ5Mwo=,1700408353,25
8801700405549,NDgxNAo=,1700408354,26
8801700405550,MDkxOQo=,1700408355,22
8801700405551,NzUzMQo=,1700408356,26
8801700405552,ODAzMgo=,1700408357,24
8801700405553,NjU5NQo=,1700408358,23
8801700405555,MTI4OQo=,1700408359,25
8801700405556,Nzg1NQo=,1700408360,26
8801700405558,NTU5OAo=,1700408361,23
8801700405559,NDgxNQo=,1700408362,26
8801700405560,OTc5Mwo=,1700408363,24
8801700405561,MzU0OAo=,1700408364,22
8801700405562,ODM2MQo=,1700408365,20
8801700405564,NTg5NAo=,1700408366,27
8801700405565,NjIwMwo=,1700408367,20
8801700405566,MjY1NAo=,1700408368,20
8801700405567,Nzg2MQo=,1700408369,27
8801700405568,NDAyNAo=,1700408370,24
8801700405569,MDI3NQo=,1700408371,26
8801700405570,MDYyNAo=,1700408372,24
8801700405571,OTM4Mgo=,1700408373,24
8801700405572,NDUxMQo=,1700408374,22
8801700405574,ODAyOQo=,1700408375,24
8801700405575,ODY0Ngo=,1700408376,22
8801700405576,MDMzNQo=,1700408377,21
8801700405577,MzAwOAo=,1700408378,21
8801700405578,MTUyMgo=,1700408379,21
8801700405579,NzkzMAo=,1700408380,22
8801700405581,NjE2Mwo=,1700408381,22
8801700405585,MzYxNwo=,1700408382,27
8801700405586,MjUzNwo=,1700408383,25
8801700405587,NDIzNAo=,1700408384,24
8801700405588,MTIxOAo=,1700408385,21
8801700405589,NTI1Mwo=,1700408386,23
8801700405590,NzAzNwo=,1700408387,20
8801700405591,Mzk2OQo=,1700408388,27
8801700405592,MTA1NQo=,1700408389,21
8801700405593,ODA3Mgo=,1700408390,24
8801700405594,NTYzMAo=,1700408391,27
8801700405595,NTI1Mgo=,1700408392,21
8801700405596,NDg1OQo=,1700408393,25
8801700405597,OTA5OAo=,1700408394,25
8801700405598,ODUwNgo=,1700408395,22
8801700405599,NjQxNAo=,1700408396,25
8801700405600,MDU2Mwo=,1700408397,25
8801700405601,MDI4MQo=,1700408398,22
8801700405602,MDQ2OQo=,1700408399,25
8801700405603,OTc4OAo=,1700408400,23
8801700405604,NzEzMQo=,1700408401,27
8801700405605,ODUxMQo=,1700408402,26
8801700405606,MTMxOQo=,1700408403,23
8801700405607,NTg0NAo=,1700408404,27
8801700405608,NTM0Nwo=,1700408405,26
8801700405609,OTI1Mwo=,1700408406,20
8801700405611,MjM5NQo=,1700408407,26
8801700405612,ODQwMQo=,1700408408,20
8801700405613,NDg1NAo=,1700408409,21
8801700405614,NTYxMQo=,1700408410,26
8801700405615,MTMzNAo=,1700408411,24
8801700405616,NTc1NQo=,1700408412,26
8801700405617,MDE1MQo=,1700408413,20
8801700405618,MjY4Mwo=,1700408414,23
8801700405619,MTkyMAo=,1700408415,20
8801700405620,MTkxNAo=,1700408416,25
8801700405621,OTExNAo=,1700408417,26
8801700405622,Mjk1Mgo=,1700408418,26
8801700405624,MjcyNgo=,1700408419,27
8801700405625,MTEyNQo=,1700408420,23
8801700405626,NDg5Ngo=,1700408421,23
8801700405627,OTI5OAo=,1700408422,23
8801700405628,Njk5MQo=,1700408423,27
8801700405629,NTE0OQo=,1700408424,23
8801700405630,MjgzNQo=,1700408425,23
8801700405631,ODM4Mwo=,1700408426,27
8801700405632,ODk4MQo=,1700408427,20
8801700405633,NDczNgo=,1700408428,26
8801700405634,NzA1Ngo=,1700408429,22
8801700405636,NDMyNQo=,1700408430,25
8801700405637,MDAxNAo=,1700408431,25
8801700405638,MTExNgo=,1700408432,22
8801700405639,ODk4Mwo=,1700408433,24
8801700405640,MzkyOQo=,1700408434,27
8801700405641,OTgyOAo=,1700408435,22
8801700405642,OTcwOQo=,1700408436,26
8801700405643,MDg5MQo=,1700408437,25
8801700405644,NjUwMgo=,1700408438,22
8801700405645,ODg1NQo=,1700408439,22
8801700405646,NjkxNwo=,1700408440,24
8801700405647,NjM4Ngo=,1700408441,24
8801700405648,NTYxNAo=,1700408442,25
8801700405649,NzA1NQo=,1700408443,24
8801700405650,ODc5NQo=,1700408444,22
8801700405651,MzQ2MQo=,1700408445,20
8801700405652,MDc4Nwo=,1700408446,22
8801700405653,NjAxNgo=,1700408447,25
8801700405655,ODM1MAo=,1700408448,26
8801700405656,MzY2MAo=,1700408449,26
8801700405657,OTc3MQo=,1700408450,27
8801700405658,NDc4Mgo=,1700408451,22
8801700405659,NDI2MQo=,1700408452,21
8801700405660,MDc0Ngo=,1700408453,24
8801700405661,MTk0Mwo=,1700408454,21
8801700405662,MzUwMwo=,1700408455,25
8801700405663,NTkyMgo=,1700408456,23
8801700405664,MzA2Mgo=,1700408457,27
8801700405665,OTcxOQo=,1700408458,26
8801700405666,NjcyNQo=,1700408459,22
8801700405667,NjYwOQo=,1700408460,26
8801700405668,MzE3MQo=,1700408461,26
8801700405669,Mzc3Nwo=,1700408462,21
8801700405670,OTI3Nwo=,1700408463,24
8801700405671,NDE4OQo=,1700408464,23
8801700405672,MzE1Nwo=,1700408465,22
8801700405674,MTYxNwo=,1700408466,20
8801700405675,Mjk2Mgo=,1700408467,20
8801700405676,MzI3NAo=,1700408468,20
8801700405678,NTIxMwo=,1700408469,27
8801700405679,OTczMQo=,1700408470,27
8801700405680,MzAyNQo=,1700408471,26
8801700405681,NzkwOAo=,1700408472,23
8801700405682,MjQ1Nwo=,1700408473,22
8801700405683,ODgwNAo=,1700408474,20
8801700405684,NTY3OQo=,1700408475,27
8801700405685,MDQyOAo=,1700408476,24
8801700405686,NDk3Ngo=,1700408477,20
8801700405688,Mzc2Nwo=,1700408478,25
8801700405689,MjQxNgo=,1700408479,26
8801700405690,MjE1OAo=,1700408480,24
8801700405691,NzI1MAo=,1700408481,26
8801700405692,MzIyMgo=,1700408482,20
8801700405693,MjQ1MAo=,1700408483,23
8801700405694,MDA5NAo=,1700408484,21
8801700405695,MzQyNAo=,1700408485,24
8801700405696,MzkyNgo=,1700408486,26
8801700405697,MzM3NQo=,1700408487,26
8801700405698,OTQ0MAo=,1700408488,24
8801700405699,NjAzMwo=,1700408489,22
8801700405701,NzY4MQo=,1700408490,26
8801700405702,NjUzNgo=,1700408491,22
8801700405703,MTA4OQo=,1700408492,24
8801700405704,NjQ5NAo=,1700408493,24
8801700405705,MDA4Mwo=,1700408494,26
8801700405706,MDA2Ngo=,1700408495,24
8801700405707,NTc1NQo=,1700408496,25
8801700405708,NjYwOQo=,1700408497,22
8801700405709,Nzk2OAo=,1700408498,24
8801700405710,NTM1NAo=,1700408499,24
8801700405711,OTQ5MQo=,1700408500,20
8801700405712,NTM5OAo=,1700408501,22
8801700405713,Mjk1MAo=,1700408502,27
8801700405714,NzQyNQo=,1700408503,26
8801700405715,MDgzNAo=,1700408504,23
8801700405716,OTA4OAo=,1700408505,24
8801700405717,ODEzNAo=,1700408506,25
8801700405718,MzI4NQo=,1700408507,22
8801700405719,MDYxMwo=,1700408508,23
8801700405720,Nzk0Ngo=,1700408509,25
8801700405721,ODk3NQo=,1700408510,23
8801700405722,MzQ2OQo=,1700408511,26
8801700405723,Nzk1OQo=,1700408512,26
8801700405724,MjIxMAo=,1700408513,21
8801700405725,NDk3MAo=,1700408514,21
8801700405726,NTMxMwo=,1700408515,26
8801700405727,MjA5OAo=,1700408516,25
8801700405728,NjM0MQo=,1700408517,25
8801700405729,MDcxNwo=,1700408518,23
8801700405730,MzgyNwo=,1700408519,20
8801700405731,NjY4Ngo=,1700408520,26
8801700405732,MDk4NAo=,1700408521,27
8801700405733,NzY2OAo=,1700408522,20
8801700405734,MjU2Ngo=,1700408523,20
8801700405735,ODAyMgo=,1700408524,20
8801700405736,MTI0Ngo=,1700408525,22
8801700405737,NzkxOQo=,1700408526,25
8801700405738,NzkzOAo=,1700408527,24
8801700405739,OTAyNwo=,1700408528,27
8801700405740,NDUwMgo=,1700408529,26
8801700405741,MTcwMQo=,1700408530,22
8801700405742,ODgxMAo=,1700408531,21
8801700405743,Mjc4Mgo=,1700408532,25
8801700405744,ODI5NQo=,1700408533,20
8801700405745,ODk0Nwo=,1700408534,25
8801700405746,NDQzMgo=,1700408535,24
8801700405747,NzM4OQo=,1700408536,27
8801700405748,NTAxOAo=,1700408537,24
8801700405749,NzE4Mwo=,1700408538,27
8801700405750,NzM2OAo=,1700408539,24
8801700405751,MTc0Nwo=,1700408540,27
8801700405752,MTA0Mwo=,1700408541,23
8801700405753,NDc3Mwo=,1700408542,23
8801700405754,NzQ0MAo=,1700408543,21
8801700405755,ODQxOAo=,1700408544,26
8801700405756,MDczNQo=,1700408545,24
8801700405757,NjY3Mgo=,1700408546,25
8801700405758,NjMyOAo=,1700408547,20
8801700405759,NzEyMwo=,1700408548,27
8801700405760,NjE4NAo=,1700408549,25
8801700405761,MzI1MQo=,1700408550,22
8801700405762,OTMwMgo=,1700408551,25
8801700405763,MDUyMgo=,1700408552,25
8801700405764,MTk4Nwo=,1700408553,22
8801700405765,NDg0OAo=,1700408554,26
8801700405766,NDQzNQo=,1700408555,24
8801700405767,MTk3Mwo=,1700408556,23
8801700405768,NTgzOQo=,1700408557,20
8801700405769,NjY2Mgo=,1700408558,27
8801700405770,NzkyNAo=,1700408559,25
8801700405771,NTY0Mgo=,1700408560,21
8801700405772,NTc3MQo=,1700408561,21
8801700405773,NDYyMgo=,1700408562,24
8801700405774,MjEzOQo=,1700408563,27
8801700405775,MjM4MQo=,1700408564,20
8801700405776,MjA4NAo=,1700408565,27
8801700405777,NjAyMwo=,1700408566,21
8801700405778,NjUyNgo=,1700408567,20
8801700405779,NjI5MQo=,1700408568,27
8801700405780,NDMzMgo=,1700408569,27
8801700405781,NzMxOAo=,1700408570,26
8801700405782,OTU2NQo=,1700408571,26
8801700405783,MzgzNAo=,1700408572,25
8801700405784,Mjg5Nwo=,1700408573,27
8801700405785,NjQyMAo=,1700408574,27
8801700405786,MTYxMAo=,1700408575,25
8801700405787,MjEzMAo=,1700408576,25
8801700405788,MTIyNAo=,1700408577,24
8801700405789,MDQ2NAo=,1700408578,21
8801700405790,NjExMAo=,1700408579,27
8801700405791,OTY1NAo=,1700408580,23
8801700405792,MjI1MAo=,1700408581,26
8801700405793,OTE1NQo=,1700408582,20
8801700405794,NjczOQo=,1700408583,26
8801700405795,NjcyNwo=,1700408584,27
8801700405796,NTM3MAo=,1700408585,24
8801700405797,NjE3Mgo=,1700408586,25
8801700405798,NjMyNAo=,1700408587,20
8801700405799,MjA3OAo=,1700408588,21
8801700405800,NDI1OAo=,1700408589,24
8801700405801,NjY5MAo=,1700408590,24
8801700405802,ODYyMQo=,1700408591,20
8801700405803,NzM0NAo=,1700408592,21
8801700405804,OTU2Mgo=,1700408593,26
8801700405805,OTY5Mwo=,1700408594,26
8801700405806,NjE2Mwo=,1700408595,23
8801700405807,NzI4NAo=,1700408596,22
8801700405808,OTczMQo=,1700408597,20
8801700405809,ODY2Mwo=,1700408598,25
8801700405810,MzYzNAo=,1700408599,26
8801700405811,NDU4Mwo=,1700408600,24
8801700405812,MTg5Nwo=,1700408601,21
8801700405813,MDYwMwo=,1700408602,26
8801700405814,NjQyOAo=,1700408603,24
8801700405815,MTU4Nwo=,1700408604,21
8801700405816,NTA4NQo=,1700408605,24
8801700405817,MTMxMgo=,1700408606,22
8801700405818,OTQwNQo=,1700408607,22
8801700405819,NjkzOQo=,1700408608,21
8801700405820,MzM3Mgo=,1700408609,22
8801700405821,ODIwMwo=,1700408610,20
8801700405822,MTc3MQo=,1700408611,24
8801700405823,NzUxMgo=,1700408612,20
8801700405824,NzA0Mgo=,1700408613,26
8801700405825,Nzc0Mgo=,1700408614,23
8801700405826,NzQzMgo=,1700408615,20
8801700405827,NDczOQo=,1700408616,26
8801700405828,MzQ4MQo=,1700408617,26
8801700405829,NzQ5MQo=,1700408618,20
8801700405830,NjU0NQo=,1700408619,24
8801700405831,NTEyNQo=,1700408620,27
8801700405832,NTk4MAo=,1700408621,20
8801700405833,ODM4Ngo=,1700408622,21
8801700405834,MjY0Nwo=,1700408623,21
8801700405835,NjY0Mwo=,1700408624,25
8801700405836,Mzc5Mgo=,1700408625,26
8801700405837,NzgxNQo=,1700408626,26
8801700405838,NTM0Mwo=,1700408627,24
8801700405839,ODA4NQo=,1700408628,22
8801700405840,MzQ4Ngo=,1700408629,27
8801700405841,MDMyMwo=,1700408630,26
8801700405842,MDU5NAo=,1700408631,21
8801700405843,NjMzNgo=,1700408632,20
8801700405844,NzcyMAo=,1700408633,27
8801700405845,MzI1Nwo=,1700408634,23
8801700405846,NzAxMQo=,1700408635,20
8801700405847,MDIzMgo=,1700408636,22
8801700405848,NjYxOAo=,1700408637,22
8801700405849,MDA3Nwo=,1700408638,23
8801700405850,NDQwMQo=,1700408639,20
8801700405851,Mzg5OQo=,1700408640,27
8801700405852,OTYzMAo=,1700408641,22
8801700405853,NjUzMgo=,1700408642,25
8801700405854,ODc3Mgo=,1700408643,22
8801700405855,MDQ4NAo=,1700408644,22
8801700405856,NzUwOQo=,1700408645,22
8801700405857,MTM1OAo=,1700408646,21
8801700405858,MzIwNgo=,1700408647,20
8801700405859,NzI3Mgo=,1700408648,22
8801700405860,NzEwOQo=,1700408649,23
8801700405861,NzcwNAo=,1700408650,26
8801700405862,MDc3Mwo=,1700408651,27
8801700405863,ODgzMgo=,1700408652,23
8801700405864,Njg5Mwo=,1700408653,25
8801700405865,NDkyMQo=,1700408654,24
8801700405866,MjcwNAo=,1700408655,24
8801700405867,OTkzMQo=,1700408656,21
8801700405868,NTYyNQo=,1700408657,25
8801700405869,MDg3Mgo=,1700408658,21
8801700405870,MjI1OAo=,1700408659,26
8801700405871,MzA1MQo=,1700408660,26
8801700405872,ODg4Nwo=,1700408661,24
8801700405873,NzE3OAo=,1700408662,24
8801700405874,NTI0OQo=,1700408663,24
8801700405875,MzMwMQo=,1700408664,21
8801700405876,Njc0NQo=,1700408665,20
8801700405877,ODcxNQo=,1700408666,25
8801700405878,MzU5OAo=,1700408667,26
8801700405879,MTMwNQo=,1700408668,27
8801700405880,NjU4NAo=,1700408669,21
8801700405881,NjE4OQo=,1700408670,20
8801700405882,NzAwNAo=,1700408671,22
8801700405883,MzcxNgo=,1700408672,22
8801700405884,NjY1NQo=,1700408673,20
8801700405885,MDEwOAo=,1700408674,24
8801700405886,NzA1NQo=,1700408675,27
8801700405887,ODY1OQo=,1700408676,23
8801700405888,NjYwOAo=,1700408677,20
8801700405889,NDg0OAo=,1700408678,23
8801700405890,OTY1Nwo=,1700408679,25
8801700405891,OTY3MQo=,1700408680,27
8801700405892,MDg5MQo=,1700408681,21
8801700405893,NjY0MQo=,1700408682,23
8801700405894,NDQ5Ngo=,1700408683,27
8801700405896,MjA3Nwo=,1700408684,23
8801700405897,OTQ5OAo=,1700408685,22
8801700405898,NDk5Mwo=,1700408686,24
8801700405899,Mjk1OAo=,1700408687,22
8801700405900,ODAzNAo=,1700408688,23
8801700405901,MzE3OQo=,1700408689,20
8801700405902,OTQxMQo=,1700408690,23
8801700405903,MTQ3NAo=,1700408691,26
8801700405904,OTMyMAo=,1700408692,22
8801700405905,OTUzOQo=,1700408693,24
8801700405906,MTQxOQo=,1700408694,27
8801700405907,Njk1OAo=,1700408695,22
8801700405908,Nzc4OQo=,1700408696,27
8801700405909,NTI3Ngo=,1700408697,25
8801700405910,ODYxNwo=,1700408698,22
8801700405911,NDAyNgo=,1700408699,27
8801700405912,Mjc5Ngo=,1700408700,25
8801700405913,NjU3MQo=,1700408701,22
8801700405914,MjMyMgo=,1700408702,24
8801700405916,MDI3Mwo=,1700408703,22
8801700405917,MzkyOQo=,1700408704,25
8801700405919,NTQzNwo=,1700408705,22
8801700405920,MzA3NAo=,1700408706,22
8801700405921,MDYwMwo=,1700408707,22
8801700405922,MTkyMAo=,1700408708,25
8801700405923,MzI4OAo=,1700408709,26
8801700405924,NjI5Nwo=,1700408710,22
8801700405925,Mjc5OAo=,1700408711,21
8801700405926,MDY3MQo=,1700408712,20
8801700405927,Njc2Ngo=,1700408713,21
8801700405928,Mjc2NAo=,1700408714,23
8801700405929,MTE2Mwo=,1700408715,21
8801700405930,MzQ0OAo=,1700408716,26
8801700405932,NDc4Ngo=,1700408717,26
8801700405933,MTk0MAo=,1700408718,26
8801700405934,MDkwOQo=,1700408719,26
8801700405935,MjU2Mwo=,1700408720,25
8801700405936,NjkyNAo=,1700408721,20
8801700405937,ODkzNAo=,1700408722,27
8801700405938,OTE3Mwo=,1700408723,27
8801700405939,NTM0NAo=,1700408724,22
8801700405940,NTE1OQo=,1700408725,20
8801700405941,NzY5MQo=,1700408726,23
8801700405942,NDU3Mgo=,1700408727,20
8801700405943,MTM3OQo=,1700408728,21
8801700405944,NDk4NAo=,1700408729,21
8801700405945,NDA2OAo=,1700408730,24
8801700405946,ODIzOQo=,1700408731,25
8801700405947,NzEyNAo=,1700408732,26
8801700405948,NjY5Ngo=,1700408733,23
8801700405949,MDU1OQo=,1700408734,26
8801700405950,OTY2OQo=,1700408735,23
8801700405951,ODIxOAo=,1700408736,25
8801700405952,ODA4MAo=,1700408737,23
8801700405953,OTU5MQo=,1700408738,27
8801700405954,OTIzMgo=,1700408739,23
8801700405955,NDU4NAo=,1700408740,22
8801700405957,ODg3OAo=,1700408741,22
8801700405958,NjMwMQo=,1700408742,25
8801700405959,MTA3Ngo=,1700408743,23
8801700405960,NzIxOQo=,1700408744,20
8801700405961,MjQ0OQo=,1700408745,26
8801700405962,MTUwMQo=,1700408746,20
8801700405963,MDUxNAo=,1700408747,21
8801700405964,OTUxNwo=,1700408748,24
8801700405965,NDUzOAo=,1700408749,26
8801700405966,NDk0Nwo=,1700408750,26
8801700405967,MTE4NAo=,1700408751,25
8801700405968,NDA2Mwo=,1700408752,20
8801700405969,NzY0Ngo=,1700408753,23
8801700405970,NTk3Mwo=,1700408754,20
8801700405971,OTAyMAo=,1700408755,23
8801700405972,ODc3NQo=,1700408756,22
8801700405973,NjUwNgo=,1700408757,26
8801700405974,NjAzMwo=,1700408758,25
8801700405975,Nzg5MAo=,1700408759,21
8801700405976,NDE0MAo=,1700408760,23
8801700405977,NzQ0Ngo=,1700408761,22
8801700405979,MjY3Mwo=,1700408762,20
8801700405980,ODA0Ngo=,1700408763,22
8801700405981,NTkwMQo=,1700408764,21
8801700405982,MDgyOQo=,1700408765,21
8801700405983,MzI4MQo=,1700408766,23
8801700405984,ODY3NAo=,1700408767,21
8801700405985,OTE2Mgo=,1700408768,26
8801700405986,ODIxOQo=,1700408769,25
8801700405987,MTY5OAo=,1700408770,27
8801700405992,NzY0Ngo=,1700408771,27
8801700405995,MjQyMQo=,1700408772,25
8801700405996,MTUxOAo=,1700408773,26
8801700405997,ODE3OAo=,1700408774,27
8801700405998,NjMzMQo=,1700408775,23
