SET FOREIGN_KEY_CHECKS = 0;
TRUNCATE TABLE pms.state;
TRUNCATE TABLE pms.state_transition;
TRUNCATE TABLE pms.operation;
TRUNCATE TABLE pms.workflow;
TRUNCATE TABLE pms.workflow_state_transition;
TRUNCATE TABLE pms.product_closure;
TRUNCATE TABLE pms.product_variant;
TRUNCATE TABLE pms.product;
TRUNCATE TABLE pms.supplier;
SET FOREIGN_KEY_CHECKS = 1;

# Dump of table operation
# ------------------------------------------------------------

LOCK TABLES `operation` WRITE;
INSERT INTO `operation` (`operation_id`, `code`, `created_stamp`, `description`, `name`, `updated_stamp`)
VALUES
	(1,'RESERVE_INVENTORY','2021-05-15 08:03:08','Reserve Inventory Operation','RESERVE_INVENTORY','2021-05-15 08:03:08'),
	(2,'INTRANSIT_INVENTORY','2021-05-15 08:03:09','Intransit Inventory Operation','INTRANSIT_INVENTORY','2021-05-15 08:03:09'),
	(3,'DELIVER_INVENTORY','2021-05-15 08:03:10','Deliver Inventory Operation','DELIVER_INVENTORY','2021-05-15 08:03:10'),
	(4,'DEPOSIT_INVENTORY','2021-05-15 08:03:12','Deposit Inventory Operation','DEPOSIT_INVENTORY','2021-05-15 08:03:12'),
	(5,'ACTIVATE_INVENTORY','2021-05-15 08:03:13','Activate Inventory Operation','ACTIVATE_INVENTORY','2021-05-15 08:03:13'),
	(6,'RELEASE_INVENTORY','2021-05-15 08:03:14','Release Inventory Operation','RELEASE_INVENTORY','2021-05-15 08:03:14'),
	(7,'TRANSFER_INVENTORY','2021-05-15 08:03:15','Transfer Inventory Operation','TRANSFER_INVENTORY','2021-05-15 08:03:15');

UNLOCK TABLES;


# Dump of table state
# ------------------------------------------------------------

LOCK TABLES `state` WRITE;
INSERT INTO `state` (`state_id`, `available_from`, `available_until`, `code`, `description`, `name`)
VALUES
	(1,'2020-01-01','2030-01-01','Available','Available State','Available'),
	(2,'2020-01-01','2030-01-01','Reserved','Reserved State','Reserved'),
	(3,'2020-01-01','2030-01-01','In Transit','In Transit State','In Transit'),
	(4,'2020-01-01','2030-01-01','Delivered','Delivered State','Delivered'),
	(5,'2020-01-01','2030-01-01','Deposited','Deposited State','Deposited'),
	(6,'2020-01-01','2030-01-01','Activated','Activated State','Activated');

UNLOCK TABLES;


# Dump of table state_transition
# ------------------------------------------------------------

LOCK TABLES `state_transition` WRITE;


INSERT INTO `state_transition` (`state_transition_id`, `available_from`, `available_until`, `business_actions`, `business_rules`, `from_state_id`, `operation_id`, `to_state_id`)
VALUES
	(1,'2020-01-01','2030-01-01','','',1,1,2),
	(2,'2020-01-01','2030-01-01','','',2,2,3),
	(3,'2020-01-01','2030-01-01','','',3,3,4),
	(4,'2020-01-01','2030-01-01','','',3,4,5),
	(5,'2020-01-01','2030-01-01','','',4,5,6),
	(6,'2020-01-01','2030-01-01','','',1,5,6),
	(7,'2020-01-01','2030-01-01','','',2,6,1),
	(8,'2020-01-01','2030-01-01','','',2,7,1),
	(9,'2020-01-01','2030-01-01','','',3,7,1),
	(10,'2020-01-01','2030-01-01','','',1,5,1);

UNLOCK TABLES;


# Dump of table workflow
# ------------------------------------------------------------

LOCK TABLES `workflow` WRITE;

INSERT INTO `workflow` (`workflow_id`, `created_at`, `description`, `name`, `updated_at`)
VALUES
	(1,'2021-05-15 08:03:27','Serialized Product Workflow','Serialized Product Workflow','2021-05-15 08:03:27');


UNLOCK TABLES;


# Dump of table workflow_state_transition
# ------------------------------------------------------------

LOCK TABLES `workflow_state_transition` WRITE;

INSERT INTO `workflow_state_transition` (`id`, `state_transition_id`, `workflow_id`)
VALUES
	(1,1,1),
	(2,2,1),
	(3,3,1),
	(4,4,1),
	(5,5,1),
	(6,6,1),
	(7,7,1),
	(8,8,1),
	(9,9,1),
	(10,10,1);

UNLOCK TABLES;

INSERT INTO `supplier` (`supplier_id`, `code`, `name`, `description`, `data`) 
values 
	(1, 'operator', 'operator', 'this is the default supplier for seamless one', null);
#____________________________________________________________

INSERT INTO `product` (`product_id`, `code`, `name`, `description`, `product_type_id`, `workflow_id`, `supplier_id`, `image_url`, `product_status_id`, `is_category`, `data`, `created_at`, `updated_at`, `available_from`, `available_until`, `path`)
VALUES
	(1, NULL, 'Digital', 'Digital Products', NULL, NULL, 1, NULL, 1, 1, X'7B7D', '2021-06-08 10:41:38', '2021-06-08 10:41:38', '2021-03-01', '2025-03-01', NULL),
	(2, 'digital-transfer', 'Transfer Product', 'Transfer Product', 3, NULL, 1, NULL, NULL, 0, X'7B7D', '2021-06-08 10:42:43', '2021-06-08 10:42:43', '2021-03-22', '2025-03-22', NULL),
	(3, 'digital-topup', 'Topup Product', 'Topup Product', 3, NULL, 1, NULL, NULL, 0, X'7B7D', '2021-06-08 10:43:05', '2021-06-08 10:43:05', '2021-03-22', '2025-03-22', NULL),
	(4, NULL, 'Customer_Recharge', 'This is a parent category for recharge for a subscriber', NULL, 1, 1, '', 1, 1, X'7B7D', '2021-12-10 06:28:23', '2021-12-10 06:28:23', '2021-12-10', '2021-12-10', NULL),
	(5, NULL, 'Bill-Payment', 'This is a type for customer recharge for subscriber', NULL, 1, 1, '', 1, 1, X'7B7D', '2021-12-10 06:30:10', '2021-12-10 06:30:10', '2021-12-10', '2021-12-10', NULL),
	(6, 'Mfs_App_Recharge', 'MFS APP RECHARGE', 'Subscriber can perform a recharge through MFS app', 3, 1, 1, '', NULL, 0, X'7B7D', '2021-12-10 06:38:27', '2021-12-10 06:38:28', '2021-12-10', '2021-12-10', 'Customer_Recharge/Bill-Payment/MFS APP RECHARGE/'),
	(7, 'Voucher_Recharge', 'GIFT_VOUCHER', 'Voucher Recharge for Bill payment /Customer recharge', 1, 1, 1, '', NULL, 0, X'7B7D', '2021-12-10 06:42:08', '2021-12-10 06:42:08', '2021-12-10', '2021-12-10', 'Customer_Recharge/Bill-Payment/GIFT_VOUCHER/'),
	(8, 'RC', 'RC', 'RC', 3, 1, 1, '', NULL, 0, X'7B7D', '2022-02-22 06:25:57', '2022-02-22 06:25:58', '2022-02-22', '2029-02-22', 'Customer_Recharge/RC/'),
    (9, NULL, 'P2P category', 'P2P category created to maintain P2P product', NULL, NULL, 1, '', 1, 1, X'7B7D', '2022-02-23 05:37:19', '2022-02-23 05:37:19', '2022-02-23', '2022-10-31', NULL),
    (10, 'P2P', 'P2P Product', 'P2P Product', 5, NULL, 1, '', NULL, 0, X'7B7D', '2022-02-23 05:39:40', '2022-02-23 05:39:40', '2022-02-23', '2022-09-29', NULL);

INSERT INTO `product_closure` (`ancestor`, `descendant`, `depth`)
VALUES
	(1, 1, 0),
	(1, 2, 1),
	(1, 3, 1),
	(2, 2, 0),
	(3, 3, 0),
	(4, 4, 0),
	(4, 5, 1),
	(4, 6, 2),
	(4, 7, 2),
	(5, 5, 0),
	(5, 6, 1),
	(5, 7, 1),
	(6, 6, 0),
	(7, 7, 0),
	(4, 8, 1),
	(8, 8, 0),
    (9, 9, 0);


INSERT INTO `product_variant` (`variant_id`, `product_id`, `product_sku`, `supplier_ref`, `EAN`, `variant_status_id`, `currency`, `image_url`, `data`, `unit_price`, `variable_price`, `uom`, `available_from`, `available_until`, `created_at`, `updated_at`)
VALUES
	(1, 2, 'transfer', 'transfer-ref', NULL, 1, 'BDT', NULL, X'7B22766F6C756D65223A7B22756E6974223A22222C2276616C7565223A302E307D2C22756F6D223A7B22756E6974223A22222C227175616E74697479223A302E307D2C227465726D73223A22222C22776569676874223A7B22756E6974223A22222C2276616C7565223A302E307D2C2277617272616E7479223A7B22756E6974223A22222C2276616C7565223A302E307D7D', 0.00, 1, NULL, '2021-03-22', '2025-03-22', '2021-06-08 10:42:43', '2021-06-08 10:42:43'),
	(2, 3, 'topup', 'topup-ref', NULL, 1, 'BDT', NULL, X'7B22766F6C756D65223A7B22756E6974223A22222C2276616C7565223A302E307D2C22756F6D223A7B22756E6974223A22222C227175616E74697479223A302E307D2C227465726D73223A22222C22776569676874223A7B22756E6974223A22222C2276616C7565223A302E307D2C2277617272616E7479223A7B22756E6974223A22222C2276616C7565223A302E307D7D', 0.00, 1, NULL, '2021-03-22', '2025-03-22', '2021-06-08 10:43:05', '2021-06-08 10:43:05'),
	(3, 6, 'MA_`100', '', '', 1, 'BDT', NULL, X'7B22766F6C756D65223A7B22756E6974223A22222C2276616C7565223A302E307D2C22756F6D223A7B22756E6974223A22222C227175616E74697479223A302E307D2C227465726D73223A22222C22776569676874223A7B22756E6974223A22222C2276616C7565223A302E307D2C2277617272616E7479223A7B22756E6974223A22222C2276616C7565223A302E307D7D', 5.00, 0, NULL, '2021-12-10', '2021-12-10', '2021-12-10 06:38:27', '2021-12-10 06:38:28'),
	(4, 6, 'MA_10_200', '', '', 1, 'BDT', NULL, X'7B22766F6C756D65223A7B22756E6974223A22222C2276616C7565223A302E307D2C22756F6D223A7B22756E6974223A22222C227175616E74697479223A302E307D2C227465726D73223A22222C22776569676874223A7B22756E6974223A22222C2276616C7565223A302E307D2C2277617272616E7479223A7B22756E6974223A22222C2276616C7565223A302E307D7D', 10.00, 0, NULL, '2021-12-10', '2021-12-10', '2021-12-10 06:39:19', '2021-12-10 06:39:19'),
	(5, 7, 'GV_200', '', '', 1, 'BDT', NULL, X'7B22766F6C756D65223A7B22756E6974223A22222C2276616C7565223A302E307D2C22756F6D223A7B22756E6974223A22222C227175616E74697479223A302E307D2C227465726D73223A22222C22776569676874223A7B22756E6974223A22222C2276616C7565223A302E307D2C2277617272616E7479223A7B22756E6974223A22222C2276616C7565223A302E307D7D', 10.00, 0, NULL, '2021-12-10', '2021-12-10', '2021-12-10 06:42:08', '2021-12-10 06:42:08'),
	(6, 7, 'GV_500', '', '', 1, 'BDT', NULL, X'7B22766F6C756D65223A7B22756E6974223A22222C2276616C7565223A302E307D2C22756F6D223A7B22756E6974223A22222C227175616E74697479223A302E307D2C227465726D73223A22222C22776569676874223A7B22756E6974223A22222C2276616C7565223A302E307D2C2277617272616E7479223A7B22756E6974223A22222C2276616C7565223A302E307D7D', 100.00, 0, NULL, '2021-12-10', '2021-12-10', '2021-12-10 06:42:37', '2021-12-10 06:42:37'),
	(7, 2, 'O2C_transfer', 'O2C_transfer', 'O2C_transfer', 1, 'BDT', NULL, X'7B22557073656C6C50726F647563744F7074696F6E223A226E6F222C22766F6C756D65223A7B22756E6974223A22222C2276616C7565223A302E307D2C22756F6D223A7B22756E6974223A22222C227175616E74697479223A302E307D2C227465726D73223A224E6F222C22776569676874223A7B22756E6974223A22222C2276616C7565223A302E307D2C2277617272616E7479223A7B22756E6974223A22222C2276616C7565223A302E307D7D', 0.00, 1, NULL, '2022-02-07', '2029-02-07', '2022-02-07 11:21:54', '2022-02-07 11:21:54'),
	(8, 2, 'C2C_TRANSFER', 'c2c_transfer', '', 1, 'BDT', NULL, X'7B22557073656C6C50726F647563744F7074696F6E223A226E6F222C22766F6C756D65223A7B22756E6974223A22222C2276616C7565223A302E307D2C22756F6D223A7B22756E6974223A22222C227175616E74697479223A302E307D2C227465726D73223A22222C22776569676874223A7B22756E6974223A22222C2276616C7565223A302E307D2C2277617272616E7479223A7B22756E6974223A22222C2276616C7565223A302E307D7D', 0.00, 1, NULL, '2022-02-07', '2030-02-07', '2022-02-07 11:24:06', '2022-02-07 11:24:06'),
	(9, 2, 'O2C_FOC_transfer', 'O2C_FOC_transfer', 'O2C_FOC_transfer', 1, 'BDT', NULL, X'7B22557073656C6C50726F647563744F7074696F6E223A226E6F222C22766F6C756D65223A7B22756E6974223A22222C2276616C7565223A302E307D2C22756F6D223A7B22756E6974223A22222C227175616E74697479223A302E307D2C227465726D73223A226E6F222C22776569676874223A7B22756E6974223A22222C2276616C7565223A302E307D2C2277617272616E7479223A7B22756E6974223A22222C2276616C7565223A302E307D7D', 0.00, 1, NULL, '2022-02-08', '2029-02-09', '2022-02-09 13:30:18', '2022-02-09 13:30:18'),
	(10, 2, 'C2C_RETURN_TRANSFER', 'C2C_RETURN_TRANSFER', '', 1, 'BDT', NULL, X'7B22557073656C6C50726F647563744F7074696F6E223A226E6F222C22766F6C756D65223A7B22756E6974223A22222C2276616C7565223A302E307D2C22756F6D223A7B22756E6974223A22222C227175616E74697479223A302E307D2C227465726D73223A226E6F222C22776569676874223A7B22756E6974223A22222C2276616C7565223A302E307D2C2277617272616E7479223A7B22756E6974223A22222C2276616C7565223A302E307D7D', 0.00, 1, NULL, '2022-02-11', '2050-02-11', '2022-02-11 05:44:11', '2022-02-11 05:44:11'),
	(11, 2, 'O2C_withdrawal', 'O2C_withdrawal', 'O2C_withdrawal', 1, 'BDT', NULL, X'7B22557073656C6C50726F647563744F7074696F6E223A226E6F222C22766F6C756D65223A7B22756E6974223A22222C2276616C7565223A302E307D2C22756F6D223A7B22756E6974223A22222C227175616E74697479223A302E307D2C227465726D73223A226E6F222C22776569676874223A7B22756E6974223A22222C2276616C7565223A302E307D2C2277617272616E7479223A7B22756E6974223A22222C2276616C7565223A302E307D7D', 0.00, 1, NULL, '2022-02-12', '2029-02-12', '2022-02-12 05:21:35', '2022-02-12 05:21:35'),
    (12, 2, 'C2C_WITHDRAW_TRANSFER', 'C2C_WITHDRAW_TRANSFER', '', 1, 'BDT', NULL, X'7B22557073656C6C50726F647563744F7074696F6E223A226E6F222C22766F6C756D65223A7B22756E6974223A22222C2276616C7565223A302E307D2C22756F6D223A7B22756E6974223A22222C227175616E74697479223A302E307D2C227465726D73223A224E6F222C22776569676874223A7B22756E6974223A22222C2276616C7565223A302E307D2C2277617272616E7479223A7B22756E6974223A22222C2276616C7565223A302E307D7D', 0.00, 1, NULL, '2022-02-12', '2050-02-12', '2022-02-12 12:50:52', '2022-02-12 12:50:52'),
	(13, 3, 'Trigger', 'Trigger', 'Trigger', 1, 'BDT', NULL, X'7B22557073656C6C50726F647563744F7074696F6E223A226E6F222C22766F6C756D65223A7B22756E6974223A22222C2276616C7565223A302E307D2C22756F6D223A7B22756E6974223A22222C227175616E74697479223A302E307D2C227465726D73223A226E6F222C22776569676874223A7B22756E6974223A22222C2276616C7565223A302E307D2C2277617272616E7479223A7B22756E6974223A22222C2276616C7565223A302E307D7D', 0.00, 1, NULL, '2022-02-14', '2029-02-14', '2022-02-14 09:05:17', '2022-02-14 09:05:17'),
	(14, 3, 'Non_Trigger', 'Non_Trigger', 'Non_Trigger', 1, 'BDT', NULL, X'7B22557073656C6C50726F647563744F7074696F6E223A226E6F222C22766F6C756D65223A7B22756E6974223A22222C2276616C7565223A302E307D2C22756F6D223A7B22756E6974223A22222C227175616E74697479223A302E307D2C227465726D73223A226E6F222C22776569676874223A7B22756E6974223A22222C2276616C7565223A302E307D2C2277617272616E7479223A7B22756E6974223A22222C2276616C7565223A302E307D7D', 0.00, 1, NULL, '2022-02-14', '2029-02-14', '2022-02-14 09:05:56', '2022-02-14 09:05:56'),
    (15, 3, 'promo_vas', 'promo_vas', 'promo_vas', 1, 'BDT', NULL, X'7B22557073656C6C50726F647563744F7074696F6E223A226E6F222C22766F6C756D65223A7B22756E6974223A22222C2276616C7565223A302E307D2C22756F6D223A7B22756E6974223A22222C227175616E74697479223A302E307D2C227465726D73223A22222C22776569676874223A7B22756E6974223A22222C2276616C7565223A302E307D2C2277617272616E7479223A7B22756E6974223A22222C2276616C7565223A302E307D7D', 0.00, 1, NULL, '2022-02-18', '2029-02-18', '2022-02-18 13:15:37', '2022-02-19 05:01:12'),
    (16, 3, 'rp2p_customer_recharge', 'rp2p_customer_recharge', '', 1, 'BDT', NULL, X'7B22557073656C6C50726F647563744F7074696F6E223A226E6F222C22766F6C756D65223A7B22756E6974223A22222C2276616C7565223A302E307D2C22756F6D223A7B22756E6974223A22222C227175616E74697479223A302E307D2C227465726D73223A226E6F222C22776569676874223A7B22756E6974223A22222C2276616C7565223A302E307D2C2277617272616E7479223A7B22756E6974223A22222C2276616C7565223A302E307D7D', 0.00, 1, NULL, '2022-02-21', '2029-02-21', '2022-02-21 05:56:04', '2022-02-21 05:56:04'),
	(17, 3, 'rc_transfer_service', 'rc_transfer_service', '', 1, 'BDT', NULL, X'7B22557073656C6C50726F647563744F7074696F6E223A226E6F222C22766F6C756D65223A7B22756E6974223A22222C2276616C7565223A302E307D2C22756F6D223A7B22756E6974223A22222C227175616E74697479223A302E307D2C227465726D73223A226E6F222C22776569676874223A7B22756E6974223A22222C2276616C7565223A302E307D2C2277617272616E7479223A7B22756E6974223A22222C2276616C7565223A302E307D7D', 0.00, 1, NULL, '2022-02-21', '2029-02-21', '2022-02-21 10:37:29', '2022-02-21 10:37:29'),
	(18, 3, 'promo_rc', 'promo_rc', '', 1, 'BDT', NULL, X'7B22557073656C6C50726F647563744F7074696F6E223A226E6F222C22766F6C756D65223A7B22756E6974223A22222C2276616C7565223A302E307D2C22756F6D223A7B22756E6974223A22222C227175616E74697479223A302E307D2C227465726D73223A226E6F222C22776569676874223A7B22756E6974223A22222C2276616C7565223A302E307D2C2277617272616E7479223A7B22756E6974223A22222C2276616C7565223A302E307D7D', 0.00, 1, NULL, '2022-02-21', '2029-02-21', '2022-02-21 10:38:20', '2022-02-21 10:38:20'),
	(19, 3, 'skitto_product', 'XRC', '', 1, 'BDT', NULL, X'7B22557073656C6C50726F647563744F7074696F6E223A226E6F222C22766F6C756D65223A7B22756E6974223A22222C2276616C7565223A302E307D2C22756F6D223A7B22756E6974223A22222C227175616E74697479223A302E307D2C22545950455F55535344223A22585243545246524551222C227465726D73223A2259222C22776569676874223A7B22756E6974223A22222C2276616C7565223A302E307D2C2277617272616E7479223A7B22756E6974223A22222C2276616C7565223A302E307D2C22545950455F4558544757223A224558585243545246524551227D', 0.00, 1, NULL, '2021-02-19', '2050-02-19', '2022-02-19 09:36:33', '2022-02-19 09:36:33'),
	(20, 8, 'STR', 'STR', 'STR', 1, 'BDT', NULL, X'7B22557073656C6C50726F647563744F7074696F6E223A226E6F222C22766F6C756D65223A7B22756E6974223A22222C2276616C7565223A302E307D2C22756F6D223A7B22756E6974223A22222C227175616E74697479223A302E307D2C227465726D73223A224E4F222C22776569676874223A7B22756E6974223A22222C2276616C7565223A302E307D2C2277617272616E7479223A7B22756E6974223A22222C2276616C7565223A302E307D7D', 0.00, 1, NULL, '2022-02-22', '2029-02-22', '2022-02-22 06:25:57', '2022-02-22 06:25:58'),
    (21, 10, 'P2P', '', '', 1, 'BDT', NULL, X'7B22557073656C6C50726F647563744F7074696F6E223A226E6F222C22766F6C756D65223A7B22756E6974223A22222C2276616C7565223A302E307D2C22756F6D223A7B22756E6974223A22222C227175616E74697479223A302E307D2C227465726D73223A22222C22776569676874223A7B22756E6974223A22222C2276616C7565223A302E307D2C2277617272616E7479223A7B22756E6974223A22222C2276616C7565223A302E307D7D', 0.00, 1, NULL, '2022-02-23', '2023-02-28', '2022-02-23 05:39:40', '2022-02-23 12:39:28'),
	(22, 2, 'DE_REGISTER_WITHDRAW', 'DE_REGISTER_WITHDRAW', '', 1, 'BDT', NULL, X'7B22557073656C6C50726F647563744F7074696F6E223A226E6F222C22766F6C756D65223A7B22756E6974223A22222C2276616C7565223A302E307D2C22756F6D223A7B22756E6974223A22222C227175616E74697479223A302E307D2C227465726D73223A2244455F52454749535445525F5749544844524157222C22776569676874223A7B22756E6974223A22222C2276616C7565223A302E307D2C2277617272616E7479223A7B22756E6974223A22222C2276616C7565223A302E307D7D', 0.00, 1, NULL, '2021-02-26', '2039-02-26', '2022-02-26 09:34:56', '2022-02-26 09:34:56');
