Product SKU,Start Serial,End Serial,Status
S0020023,254626899274733000,254626899274733000,Sold,,,
S0020023,254626899274733000,254626899274733000,Sold,,,
S0020023,254626899274733000,254626899274733000,Sold,,,
S0020023,254626899274733000,254626899274733000,Sold,,,
S0020023,254626899274733000,254626899274733000,Sold,,,
S0020023,254626899274733000,254626899274733000,Sold,,,
S0020023,254626899274733000,254626899274733000,Sold,,,
S0020023,254626899274733000,254626899274733000,Sold,,,
S0020023,254626899274733000,254626899274733000,Sold,,,
S0020023,254626899274733000,254626899274733000,Sold,,,
S0020023,254626899274733000,254626899274733000,Sold,,,
S0020023,254626899274733000,254626899274733000,Sold,,,
S0020023,254626899274733000,254626899274733000,Sold,,,
S0020023,254626899274733000,254626899274733000,Sold,,,
S0020023,254626899274733000,254626899274733000,Sold,,,
S0020023,254626899274733000,254626899274733000,Sold,,,
S0020023,254626899274733000,254626899274733000,Sold,,,
S0020023,254626899274733000,254626899274733000,Sold,,,
S0020023,254626899274733000,254626899274733000,Sold,,,
S0020023,254626899274733000,254626899274733000,Sold,,,
S0020023,254626899274733000,254626899274733000,Sold,,,
S0020023,254626899274733000,254626899274733000,Sold,,,
S0020023,254626899274733000,254626899274733000,Sold,,,
S0020023,254626899274733000,254626899274733000,Sold,,,
S0020023,254626899274733000,254626899274733000,Sold,,,
S0020023,254626899274733000,254626899274733000,Sold,,,
S0020023,254626899274733000,254626899274733000,Sold,,,
S0020023,254626899274733000,254626899274733000,Sold,,,
S0020023,254626899274733000,254626899274733000,Sold,,,
S0020023,254626899274733000,254626899274733000,Sold,,,
S0020023,254626899274733000,254626899274733000,Sold,,,
S0020023,254626899274733000,254626899274733000,Sold,,,
S0020023,254626899274733000,254626899274733000,Sold,,,
S0020023,254626899274733000,254626899274733000,Sold,,,
S0020023,254626899274733000,254626899274733000,Sold,,,
S0020023,254626899274733000,254626899274733000,Sold,,,
S0020023,254626899274733000,254626899274733000,Sold,,,
S0020023,254626899274733000,254626899274733000,Sold,,,
S0020023,254626899274733000,254626899274733000,Sold,,,
S0020023,254626899274733000,254626899274733000,Sold,,,
S0020023,254626899274733000,254626899274733000,Sold,,,
S0020023,254626899274733000,254626899274733000,Sold,,,
S0020023,254626899274733000,254626899274733000,Sold,,,
S0020023,254626899274733000,254626899274733000,Sold,,,
S0020023,254626899274733000,254626899274733000,Sold,,,
S0020023,254626899274733000,254626899274733000,Sold,,,
S0020023,254626899274733000,254626899274733000,Sold,,,
S0020023,254626899274733000,254626899274733000,Sold,,,
S0020023,254626899274733000,254626899274733000,Sold,,,
S0020023,254626899274733000,254626899274733000,Sold,,,
S0020023,254626899274733000,254626899274733000,Sold,,,
S0020023,254626899274733000,254626899274733000,Sold,,,
S0020023,254626899274733000,254626899274733000,Sold,,,
S0020023,254626899274733000,254626899274733000,Sold,,,
S0020023,254626899274733000,254626899274733000,Sold,,,
S0020023,254626899274733000,254626899274733000,Sold,,,
S0020023,254626899274733000,254626899274733000,Sold,,,
S0020023,254626899274733000,254626899274733000,Sold,,,
S0020023,254626899274733000,254626899274733000,Sold,,,
S0020023,254626899274733000,254626899274733000,Sold,,,
S0020023,254626899274733000,254626899274733000,Sold,,,
S0020023,254626899274733000,254626899274733000,Sold,,,
S0020023,254626899274733000,254626899274733000,Sold,,,
S0020023,254626899274733000,254626899274733000,Sold,,,
S0020023,254626899274733000,254626899274733000,Sold,,,
S0020023,254626899274733000,254626899274733000,Sold,,,
S0020023,254626899274733000,254626899274733000,Sold,,,
S0020023,254626899274733000,254626899274733000,Sold,,,
S0020023,254626899274733000,254626899274733000,Sold,,,
S0020023,254626899274733000,254626899274733000,Sold,,,
S0020023,254626899274733000,254626899274733000,Sold,,,
S0020023,254626899274733000,254626899274733000,Sold,,,
S0020023,254626899274733000,254626899274733000,Sold,,,
S0020023,254626899274733000,254626899274733000,Sold,,,
S0020023,254626899274733000,254626899274733000,Sold,,,
S0020023,254626899274733000,254626899274733000,Sold,,,
S0020023,254626899274733000,254626899274733000,Sold,,,
S0020023,254626899274733000,254626899274733000,Sold,,,
S0020023,254626899274733000,254626899274733000,Sold,,,
S0020023,254626899274733000,254626899274733000,Sold,,,
S0020023,254626899274733000,254626899274733000,Sold,,,
S0020023,254626899274733000,254626899274733000,Sold,,,
S0020023,254626899274733000,254626899274733000,Sold,,,
S0020023,254626899274733000,254626899274733000,Sold,,,
S0020023,254626899274733000,254626899274733000,Sold,,,
S0020023,254626899274733000,254626899274733000,Sold,,,
S0020023,254626899274733000,254626899274733000,Sold,,,
S0020023,254626899274733000,254626899274733000,Sold,,,
S0020023,254626899274733000,254626899274733000,Sold,,,
S0020023,254626899274733000,254626899274733000,Sold,,,
S0020023,254626899274733000,254626899274733000,Sold,,,
S0020023,254626899274733000,254626899274733000,Sold,,,
S0020023,254626899274733000,254626899274733000,Sold,,,
S0020023,254626899274733000,254626899274733000,Sold,,,
S0020023,254626899274733000,254626899274733000,Sold,,,
S0020023,254626899274733000,254626899274733000,Sold,,,
S0020023,254626899274733000,254626899274733000,Sold,,,
S0020023,254626899274733000,254626899274733000,Sold,,,
S0020023,254626899274733000,254626899274733000,Sold,,,
S0020023,254626899274733000,254626899274733000,Sold,,,
S0020023,254626899274733000,254626899274733000,Sold,,,
S0020023,254626899274733000,254626899274733000,Sold,,,
S0020023,254626899274733000,254626899274733000,Sold,,,
S0020023,254626899274733000,254626899274733000,Sold,,,
S0020023,254626899274733000,254626899274733000,Sold,,,
S0020023,254626899274733000,254626899274733000,Sold,,,
S0020023,254626899274733000,254626899274733000,Sold,,,
S0020023,254626899274733000,254626899274733000,Sold,,,
S0020023,254626899274733000,254626899274733000,Sold,,,
S0020023,254626899274733000,254626899274733000,Sold,,,
S0020023,254626899274733000,254626899274733000,Sold,,,
S0020023,254626899274733000,254626899274733000,Sold,,,
S0020023,254626899274733000,254626899274733000,Sold,,,
S0020023,254626899274733000,254626899274733000,Sold,,,
S0020023,254626899274733000,254626899274733000,Sold,,,
S0020023,254626899274733000,254626899274733000,Sold,,,
S0020023,254626899274733000,254626899274733000,Sold,,,
S0020023,254626899274733000,254626899274733000,Sold,,,
S0020023,254626899274733000,254626899274733000,Sold,,,
S0020023,254626899274733000,254626899274733000,Sold,,,
S0020023,254626899274733000,254626899274733000,Sold,,,
S0020023,254626899274733000,254626899274733000,Sold,,,
S0020023,254626899274733000,254626899274733000,Sold,,,
S0020023,254626899274733000,254626899274733000,Sold,,,
S0020023,254626899274733000,254626899274733000,Sold,,,
S0020023,254626899274733000,254626899274733000,Sold,,,
S0020023,254626899274733000,254626899274733000,Sold,,,
S0020023,254626899274733000,254626899274733000,Sold,,,
S0020023,254626899274733000,254626899274733000,Sold,,,
S0020023,254626899274733000,254626899274733000,Sold,,,
S0020023,254626899274733000,254626899274733000,Sold,,,
S0020023,254626899274733000,254626899274733000,Sold,,,
S0020023,254626899274733000,254626899274733000,Sold,,,
S0020023,254626899274733000,254626899274733000,Sold,,,
S0020023,254626899274733000,254626899274733000,Sold,,,
S0020023,254626899274733000,254626899274733000,Sold,,,
S0020023,254626899274733000,254626899274733000,Sold,,,
S0020023,254626899274733000,254626899274733000,Sold,,,
S0020023,254626899274733000,254626899274733000,Sold,,,
S0020023,254626899274733000,254626899274733000,Sold,,,
S0020023,254626899274733000,254626899274733000,Sold,,,
S0020023,254626899274733000,254626899274733000,Sold,,,
S0020023,254626899274733000,254626899274733000,Sold,,,
S0020023,254626899274733000,254626899274733000,Sold,,,
S0020023,254626899274733000,254626899274733000,Sold,,,
S0020023,254626899274733000,254626899274733000,Sold,,,
S0020023,254626899274733000,254626899274733000,Sold,,,
S0020023,254626899274733000,254626899274733000,Sold,,,
S0020023,254626899274733000,254626899274733000,Sold,,,
S0020023,254626899274733000,254626899274733000,Sold,,,
S0020023,254626899274733000,254626899274733000,Sold,,,
S0020023,254626899274733000,254626899274733000,Sold,,,
S0020023,254626899274733000,254626899274733000,Sold,,,
S0020023,254626899274733000,254626899274733000,Sold,,,
S0020023,254626899274733000,254626899274733000,Sold,,,
S0020023,254626899274733000,254626899274733000,Sold,,,
S0020023,254626899274733000,254626899274733000,Sold,,,
S0020023,254626899274733000,254626899274733000,Sold,,,
S0020023,254626899274733000,254626899274733000,Sold,,,
S0020023,254626899274733000,254626899274733000,Sold,,,
S0020023,254626899274733000,254626899274733000,Sold,,,
S0020023,254626899274733000,254626899274733000,Sold,,,
S0020023,254626899274733000,254626899274733000,Sold,,,
S0020023,254626899274733000,254626899274733000,Sold,,,
S0020023,254626899274733000,254626899274733000,Sold,,,
S0020023,254626899274733000,254626899274733000,Sold,,,
S0020023,254626899274733000,254626899274733000,Sold,,,
S0020023,254626899274733000,254626899274733000,Sold,,,
S0020023,254626899274733000,254626899274733000,Sold,,,
S0020023,254626899274733000,254626899274733000,Sold,,,
S0020023,254626899274733000,254626899274733000,Sold,,,
S0020023,254626899274733000,254626899274733000,Sold,,,
S0020023,254626899274733000,254626899274733000,Sold,,,
S0020023,254626899274733000,254626899274733000,Sold,,,
S0020023,254626899274733000,254626899274733000,Sold,,,
S0020023,254626899274733000,254626899274733000,Sold,,,
S0020023,254626899274733000,254626899274733000,Sold,,,
S0020023,254626899274733000,254626899274733000,Sold,,,
S0020023,254626899274733000,254626899274733000,Sold,,,
S0020023,254626899274733000,254626899274733000,Sold,,,
S0020023,254626899274733000,254626899274733000,Sold,,,
S0020023,254626899274733000,254626899274733000,Sold,,,
S0020023,254626899274733000,254626899274733000,Sold,,,
S0020023,254626899274733000,254626899274733000,Sold,,,
S0020023,254626899274733000,254626899274733000,Sold,,,
S0020023,254626899274733000,254626899274733000,Sold,,,
S0020023,254626899274733000,254626899274733000,Sold,,,
S0020023,254626899274733000,254626899274733000,Sold,,,
S0020023,254626899274733000,254626899274733000,Sold,,,
S0020023,254626899274733000,254626899274733000,Sold,,,
S0020023,254626899274733000,254626899274733000,Sold,,,
S0020023,254626899274733000,254626899274733000,Sold,,,