Product SKU,Serial,Status
S0020023,2.54627E+17,Sold
S0020024,2.54627E+17,Sold
S0020025,2.54627E+17,Sold
S0020026,2.54627E+17,Sold
S0020027,2.54627E+17,Sold
S0020028,2.54627E+17,Sold
S0020029,2.54627E+17,Sold
S0020030,2.54627E+17,Sold
S0020031,2.54627E+17,Sold
S0020032,2.54627E+17,Sold
S0020033,2.54627E+17,Sold
S0020034,2.54627E+17,Sold
S0020035,2.54627E+17,Sold
S0020036,2.54627E+17,Sold
S0020037,2.54627E+17,Sold
S0020038,2.54627E+17,Sold
S0020039,2.54627E+17,Sold
S0020040,2.54627E+17,Sold
S0020041,2.54627E+17,Sold
S0020042,2.54627E+17,Sold
S0020043,2.54627E+17,Sold
S0020044,2.54627E+17,Sold
S0020045,2.54627E+17,Sold
S0020046,2.54627E+17,Sold
S0020047,2.54627E+17,Sold
S0020048,2.54627E+17,Sold
S0020049,2.54627E+17,Sold
S0020050,2.54627E+17,Sold
S0020051,2.54627E+17,Sold
S0020052,2.54627E+17,Sold
S0020053,2.54627E+17,Sold
S0020054,2.54627E+17,Sold
S0020055,2.54627E+17,Sold
S0020056,2.54627E+17,Sold
S0020057,2.54627E+17,Sold
S0020058,2.54627E+17,Sold
S0020059,2.54627E+17,Sold
S0020060,2.54627E+17,Sold
S0020061,2.54627E+17,Sold
S0020062,2.54627E+17,Sold
S0020063,2.54627E+17,Sold
S0020064,2.54627E+17,Sold
S0020065,2.54627E+17,Sold
S0020066,2.54627E+17,Sold
S0020067,2.54627E+17,Sold
S0020068,2.54627E+17,Sold
S0020069,2.54627E+17,Sold
S0020070,2.54627E+17,Sold
S0020071,2.54627E+17,Sold
S0020072,2.54627E+17,Sold
S0020073,2.54627E+17,Sold
S0020074,2.54627E+17,Sold
S0020075,2.54627E+17,Sold
S0020076,2.54627E+17,Sold
S0020077,2.54627E+17,Sold
S0020078,2.54627E+17,Sold
S0020079,2.54627E+17,Sold
S0020080,2.54627E+17,Sold
S0020081,2.54627E+17,Sold
S0020082,2.54627E+17,Sold
S0020083,2.54627E+17,Sold
S0020084,2.54627E+17,Sold
S0020085,2.54627E+17,Sold
S0020086,2.54627E+17,Sold
S0020087,2.54627E+17,Sold
S0020088,2.54627E+17,Sold
S0020089,2.54627E+17,Sold
S0020090,2.54627E+17,Sold
S0020091,2.54627E+17,Sold
S0020092,2.54627E+17,Sold
S0020093,2.54627E+17,Sold
S0020094,2.54627E+17,Sold
S0020095,2.54627E+17,Sold
S0020096,2.54627E+17,Sold
S0020097,2.54627E+17,Sold
S0020098,2.54627E+17,Sold
S0020099,2.54627E+17,Sold
S0020100,2.54627E+17,Sold
S0020101,2.54627E+17,Sold
S0020102,2.54627E+17,Sold
S0020103,2.54627E+17,Sold
S0020104,2.54627E+17,Sold
S0020105,2.54627E+17,Sold
S0020106,2.54627E+17,Sold
S0020107,2.54627E+17,Sold
S0020108,2.54627E+17,Sold
S0020109,2.54627E+17,Sold
S0020110,2.54627E+17,Sold
S0020111,2.54627E+17,Sold
S0020112,2.54627E+17,Sold
S0020113,2.54627E+17,Sold
S0020114,2.54627E+17,Sold
S0020115,2.54627E+17,Sold
S0020116,2.54627E+17,Sold
S0020117,2.54627E+17,Sold
S0020118,2.54627E+17,Sold
S0020119,2.54627E+17,Sold
S0020120,2.54627E+17,Sold
S0020121,2.54627E+17,Sold
S0020122,2.54627E+17,Sold
S0020123,2.54627E+17,Sold
S0020124,2.54627E+17,Sold
S0020125,2.54627E+17,Sold
S0020126,2.54627E+17,Sold
S0020127,2.54627E+17,Sold
S0020128,2.54627E+17,Sold
S0020129,2.54627E+17,Sold
S0020130,2.54627E+17,Sold
S0020131,2.54627E+17,Sold
S0020132,2.54627E+17,Sold
S0020133,2.54627E+17,Sold
S0020134,2.54627E+17,Sold
S0020135,2.54627E+17,Sold
S0020136,2.54627E+17,Sold
S0020137,2.54627E+17,Sold
S0020138,2.54627E+17,Sold
S0020139,2.54627E+17,Sold
S0020140,2.54627E+17,Sold
S0020141,2.54627E+17,Sold
S0020142,2.54627E+17,Sold
S0020143,2.54627E+17,Sold
S0020144,2.54627E+17,Sold
S0020145,2.54627E+17,Sold
S0020146,2.54627E+17,Sold
S0020147,2.54627E+17,Sold
S0020148,2.54627E+17,Sold
S0020149,2.54627E+17,Sold
S0020150,2.54627E+17,Sold
S0020151,2.54627E+17,Sold
S0020152,2.54627E+17,Sold
S0020153,2.54627E+17,Sold
S0020154,2.54627E+17,Sold
S0020155,2.54627E+17,Sold
S0020156,2.54627E+17,Sold
S0020157,2.54627E+17,Sold
S0020158,2.54627E+17,Sold
S0020159,2.54627E+17,Sold
S0020160,2.54627E+17,Sold
S0020161,2.54627E+17,Sold
S0020162,2.54627E+17,Sold
S0020163,2.54627E+17,Sold
S0020164,2.54627E+17,Sold
S0020165,2.54627E+17,Sold
S0020166,2.54627E+17,Sold
S0020167,2.54627E+17,Sold
S0020168,2.54627E+17,Sold
S0020169,2.54627E+17,Sold
S0020170,2.54627E+17,Sold
S0020171,2.54627E+17,Sold
S0020172,2.54627E+17,Sold
S0020173,2.54627E+17,Sold
S0020174,2.54627E+17,Sold
S0020175,2.54627E+17,Sold
S0020176,2.54627E+17,Sold
S0020177,2.54627E+17,Sold
S0020178,2.54627E+17,Sold
S0020179,2.54627E+17,Sold
S0020180,2.54627E+17,Sold