SET FOREIGN_KEY_CHECKS = 0;
TRUNCATE TABLE `loc_countries`;
SET FOREIGN_KEY_CHECKS = 1;
 
INSERT INTO `loc_countries` (`country_key`, `abbreviation`, `name`, `system_primary`, `date_format`, `time_format`, `decimal_separator`, `thousands_separator`, `number_format`, `number_regexp`, `primary_currency_key`, `primary_language_key`, `last_modified`, `selectable`, `country_code`, `MSISDN_significant_digits`)
VALUES
(1,'bd','GP Bangladesh',1,'yyyy-MM-dd','HH:mm','.',',','','',1,0,'2021-09-28 12:32:35',1,'1',7);
 
 
SET FOREIGN_KEY_CHECKS = 0;
TRUNCATE TABLE `loc_currencies`;
SET FOREIGN_KEY_CHECKS = 1;
 
INSERT INTO `loc_currencies` (`currency_key`, `country_key`, `abbreviation`, `name`, `symbol`, `natural_format`, `minorcur_decimals`, `minorcur_name`, `last_modified`, `selectable`, `currency_code`)
VALUES
  (1,1,'BDT','Bangladesh Rupee','Rs','{0}BDT',2,'Bangladesh','2021-09-28 12:32:40',1,1),
  (2,0,'%','Percent','%','%{0}',2,'','2021-09-28 12:32:35',0,0);
 
 
SET FOREIGN_KEY_CHECKS = 0;
TRUNCATE TABLE `pay_options`;
SET FOREIGN_KEY_CHECKS = 1;
 
INSERT INTO `pay_options` (`account_type_key`, `id`, `name`, `url`, `status`, `description`, `balance_check`, `reseller_account_type`, `account_sharing_policy`, `last_modified`, `payment_currency_key`, `min_account_balance`, `max_account_balance`, `min_transaction_amount`, `max_transaction_amount`)
VALUES
(1, 'RESELLER', 'Reseller account', 'http://localhost:8092/accountsystem', 0, 'Reseller credit account', 1, 1, 0, '2016-01-19 14:37:30', 1, 0, 0, 0, 0),
('2', 'AIRTIME', 'Airtime account', 'http://localhost:8092/accountsystem', '0', 'Airtime credit account', '1', '1', '0', '2016-01-19 14:37:30', '1', '0', '0', '0', '0'),
(3, 'BOOKKEEPING', 'BOOKKEEPING account', 'http://localhost:8092/accountsystem', 0, 'BOOKKEEPING credit account', 1, 1, 0, '2016-01-19 14:37:30', 1, 0, 0, 0, 0);


INSERT INTO `commission_contracts` (`contract_key`, `id`, `name`, `description`, `country_key`, `reseller_type_key`, `cloned_from`, `contract_status`, `contract_data`, `created_by`, `created_at`, `modified_by`, `last_modified`)
VALUES
        (6, 'OPERATOR', 'GP Operator', 'GP Operator Contract', 1, 1, NULL, 1, X'7B22636F6E74726163745F74797065223A22526567756C6172222C22636F6D6D697373696F6E5F6D6F6465223A22496E7374616E74227D', 'operator', '2021-08-26 15:26:05', 'operator', '2021-12-10 10:21:56'),
	(25, 'DISTRIBUTOR', 'GP Distributor ', 'GP Distributor', 1, 2, NULL, 1, X'7B22636F6E74726163745F74797065223A22526567756C6172222C22636F6D6D697373696F6E5F6D6F6465223A22496E7374616E74227D', 'operator', '2021-12-04 04:10:40', 'GP_SE_113', '2021-12-09 05:09:20'),
	(26, 'SE', 'GP Sales Executive', 'GP Sales Executive Contract', 1, 27, NULL, 1, X'7B22636F6E74726163745F74797065223A22526567756C6172222C22636F6D6D697373696F6E5F6D6F6465223A22496E7374616E74227D', 'operator', '2021-12-05 19:40:16', 'operator', '2021-12-08 10:17:34'),
	(27, 'POS', 'GP POS Contract', 'GP Retailer/POS Contract', 1, 28, NULL, 1, X'7B22636F6E74726163745F74797065223A22526567756C6172222C22636F6D6D697373696F6E5F6D6F6465223A22496E7374616E74227D', 'operator', '2021-12-05 19:41:52', NULL, '2021-12-05 19:41:52'),
	(28, 'MY_GP_USER', 'MyGP User Contract', '', 1, 32, NULL, 1, X'7B22636F6E74726163745F74797065223A22526567756C6172222C22636F6D6D697373696F6E5F6D6F6465223A22496E7374616E74227D', 'operator', '2021-12-05 19:43:42', NULL, '2021-12-05 19:43:42'),
	(29, 'GP_CORPORATE', 'GP Corporate Partner Contract', 'GP Corporate Partner Contract', 1, 31, NULL, 1, X'7B22636F6E74726163745F74797065223A22526567756C6172222C22636F6D6D697373696F6E5F6D6F6465223A22496E7374616E74227D', 'operator', '2021-12-05 19:44:49', NULL, '2021-12-10 10:20:02'),
	(30, 'GPCF', 'GPCF Contract', 'GPCF Contract', 1, 3, NULL, 1, X'7B22636F6E74726163745F74797065223A22526567756C6172222C22636F6D6D697373696F6E5F6D6F6465223A22496E7374616E74227D', 'operator', '2021-12-05 19:47:10', NULL, '2021-12-10 10:20:21'),
	(31, 'EMPLOYEE_FLEX', 'Employee Flex', 'GP Employee Flex Contract', 1, 29, NULL, 1, X'7B22636F6E74726163745F74797065223A22526567756C6172222C22636F6D6D697373696F6E5F6D6F6465223A22496E7374616E74227D', 'operator', '2021-12-05 19:48:32', NULL, '2021-12-10 10:20:38'),
	(32, 'GPCF_POS', 'GPCF POS Contract', 'GPCF POS Contract', 1, 34, NULL, 1, X'7B22636F6E74726163745F74797065223A22526567756C6172222C22636F6D6D697373696F6E5F6D6F6465223A22496E7374616E74227D', 'operator', '2021-12-05 19:49:12', NULL, '2021-12-10 10:20:53'),
	(33, 'NY_Contract', 'NewYear Contract', 'New Year Specific contract', 1, 0, NULL, 1, X'7B22636F6E74726163745F74797065223A22526567756C6172222C22636F6D6D697373696F6E5F6D6F6465223A22496E7374616E74227D', 'operator', '2021-12-10 04:32:03', NULL, '2021-12-10 04:32:03'),
	(34, 'GP_TEST', 'GPTest', '', 1, 0, NULL, 1, X'7B22636F6E74726163745F74797065223A22526567756C6172222C22636F6D6D697373696F6E5F6D6F6465223A22496E7374616E74227D', 'operator', '2021-12-10 05:24:27', 'operator', '2021-12-10 05:24:37'),
	(35, 'GPC_CONTRACT', 'GPC CONTRACT', 'GPC CONTRACT', 1, 30, NULL, 1, X'7B22636F6E74726163745F74797065223A22526567756C6172222C22636F6D6D697373696F6E5F6D6F6465223A22496E7374616E74227D', 'operator', '2022-02-09 04:48:39', NULL, '2022-02-09 04:48:39'),
	(36, 'MFS_CONTRACT', 'MFS Contract', 'MFS Contract', 1, 33, NULL, 1, X'7B22636F6E74726163745F74797065223A22526567756C6172222C22636F6D6D697373696F6E5F6D6F6465223A22496E7374616E74227D', 'operator', '2022-02-09 05:24:32', NULL, '2022-02-09 05:24:32'),
    (37, 'P2P', 'P2P', '', 1, 36, NULL, 1, X'7B22636F6E74726163745F74797065223A22526567756C6172222C22636F6D6D697373696F6E5F6D6F6465223A22496E7374616E74227D', 'operator', '2022-02-23 09:46:02', NULL, '2022-02-23 09:46:02');


	SET FOREIGN_KEY_CHECKS = 0;
	TRUNCATE TABLE dwa_contract_tags;
	TRUNCATE TABLE dwa_contract_account_types;
	TRUNCATE TABLE dwa_contract_value_type;
	SET FOREIGN_KEY_CHECKS = 1;

	INSERT INTO `dwa_contract_tags` (`id`, `tag_name`, `last_modified`)
    VALUES
    	(1, 'SENDER', '2021-04-27 13:55:45'),
    	(2, 'RECEIVER', '2021-04-27 13:55:45'),
    	(3, 'TRANSACTION_FEE', '2021-04-27 13:55:45'),
    	(4, 'COMMISSION', '2021-04-27 13:55:45'),
    	(5, 'ROYALTY', '2021-04-27 13:55:45'),
    	(6, 'BONUS', '2021-04-27 13:55:45'),
    	(7, 'TAX', '2021-04-27 13:55:45'),
    	(8, 'DU_MARGIN', '2021-04-27 13:55:45'),
    	(9, 'SEAMLESS_MARGIN', '2021-04-27 13:55:45'),
    	(10, 'SENDER_COMMISSION', '2021-04-27 13:55:45'),
    	(11, 'SENDER_BONUS', '2021-04-27 13:55:45'),
    	(12, 'RECEIVER_COMMISSION', '2021-04-27 13:55:45'),
    	(13, 'RECEIVER_BONUS', '2021-04-27 13:55:45'),
    	(14, 'DISCOUNT', '2021-04-27 13:55:45'),
    	(15, 'RECEIVER_DISCOUNT', '2021-04-27 13:55:45');

    INSERT INTO `dwa_contract_value_type` (`id`, `value_type`, `last_modified`)
    VALUES
    	(1, 'Absolute', '2021-04-27 13:55:45'),
    	(2, 'Percentage', '2021-04-27 13:55:45'),
    	(3, 'Expression', '2021-04-27 13:55:45');

    INSERT INTO `dwa_contract_account_types` (`id`, `account_type`, `last_modified`)
    VALUES
    	(1, 'Sender', '2021-04-27 13:55:45'),
    	(2, 'Receiver', '2021-04-27 13:55:45'),
    	(3, 'Fixed', '2021-04-27 13:55:45'),
    	(4, 'ParentOfSender', '2021-04-27 13:55:45'),
    	(5, 'ParentOfReceiver', '2021-04-27 13:55:45');

    DELETE FROM `dwa_contract_margin_rules`;
   INSERT INTO `dwa_contract_margin_rules` (`id`, `entry_key`, `entry_range_key`, `account_id`, `pay_options_account_type_id`, `contract_account_type_id`, `value_type_id`, `value_expression`, `tag_id`, `last_modified`, `ftl_grammar`, `group_id`)
   VALUES
   	(11, 6, 6, '', 'RESELLER', 1, 3, '-x', 1, '2021-12-09 12:25:26', 'null', NULL),
   	(12, 6, 6, '', 'RESELLER', 2, 3, '+x', 2, '2021-12-09 12:25:26', 'null', NULL),
   	(19, 8, 9, '', 'RESELLER', 1, 3, '-x', 1, '2021-12-10 05:28:18', 'null', NULL),
   	(20, 8, 9, '', 'RESELLER', 2, 3, '+x', 2, '2021-12-10 05:28:18', 'null', NULL),
   	(23, 10, 11, '', 'RESELLER', 1, 3, '-x', 1, '2021-12-10 13:17:17', 'null', NULL),
   	(24, 10, 11, 'OPERATOR_BOOKEEPING', 'RESELLER', 2, 3, '+x', 2, '2021-12-10 13:17:17', 'null', NULL),
   	(29, 13, 14, '', 'RESELLER', 1, 3, '-x', 1, '2021-12-28 11:13:37', '[]', 0),
   	(30, 13, 14, 'OPERATOR_BOOKEEPING', 'RESELLER', 2, 3, '+x', 2, '2021-12-28 11:13:37', '[]', 0),
   	(31, 14, 15, '', 'RESELLER', 1, 3, '-x', 1, '2021-12-16 10:58:54', 'null', NULL),
   	(32, 14, 15, '', 'RESELLER', 2, 3, '+x', 2, '2021-12-16 10:58:54', 'null', NULL),
   	(33, 15, 16, '', 'RESELLER', 1, 3, '-x', 1, '2021-12-16 12:09:01', 'null', NULL),
   	(34, 15, 16, '', 'RESELLER', 2, 3, '+x', 2, '2021-12-16 12:09:01', 'null', NULL),
   	(35, 16, 17, '', 'RESELLER', 1, 3, '-x', 1, '2021-12-16 12:28:33', 'null', NULL),
   	(36, 16, 17, '', 'RESELLER', 2, 3, '+x', 2, '2021-12-16 12:28:33', 'null', NULL),
   	(37, 17, 18, '', 'RESELLER', 1, 3, '-x', 1, '2021-12-24 05:47:48', 'null', NULL),
   	(38, 17, 18, '', 'RESELLER', 2, 3, '+x', 2, '2021-12-24 05:47:48', 'null', NULL),
   	(39, 18, 19, '', 'RESELLER', 1, 3, '-x', 1, '2021-12-24 05:48:45', 'null', NULL),
   	(40, 18, 19, '', 'RESELLER', 2, 3, '+x', 2, '2021-12-24 05:48:45', 'null', NULL),
   	(41, 19, 20, '', 'RESELLER', 1, 3, '-x', 1, '2021-12-28 10:05:14', 'null', NULL),
   	(42, 19, 20, '', 'RESELLER', 2, 3, '+x', 2, '2021-12-28 10:05:14', 'null', NULL),
   	(43, 20, 21, '', 'RESELLER', 1, 3, '-x', 1, '2021-12-28 11:14:28', '[]', 0),
   	(44, 20, 21, '', 'RESELLER', 2, 3, '+x', 2, '2021-12-28 11:14:28', '[]', 0),
   	(45, 21, 22, '', 'RESELLER', 1, 3, '-x', 1, '2021-12-28 10:24:06', 'null', NULL),
   	(46, 21, 22, '', 'RESELLER', 2, 3, '+x', 2, '2021-12-28 10:24:06', 'null', NULL),
   	(47, 22, 23, '', 'RESELLER', 1, 3, '-x', 1, '2021-12-28 10:25:46', 'null', NULL),
   	(48, 22, 23, '', 'RESELLER', 2, 3, '+x', 2, '2021-12-28 10:25:46', 'null', NULL),
   	(49, 23, 24, '', 'RESELLER', 1, 3, '-x', 1, '2021-12-28 11:11:14', '[]', 0),
   	(50, 23, 24, '', 'RESELLER', 2, 3, '+x', 2, '2021-12-28 11:11:14', '[]', 0),
   	(53, 25, 26, '', 'RESELLER', 1, 3, '-x', 1, '2021-12-28 10:52:59', 'null', NULL),
   	(54, 25, 26, '', 'RESELLER', 2, 3, '+x', 2, '2021-12-28 10:52:59', 'null', NULL),
   	(55, 26, 27, '', 'RESELLER', 1, 3, '-x', 1, '2021-12-28 10:54:14', 'null', NULL),
   	(56, 26, 27, '', 'RESELLER', 2, 3, '+x', 2, '2021-12-28 10:54:14', 'null', NULL),
   	(57, 27, 28, '', 'RESELLER', 1, 3, '-x', 1, '2021-12-28 11:04:02', 'null', NULL),
   	(58, 27, 28, '', 'RESELLER', 2, 3, '+x', 2, '2021-12-28 11:04:02', 'null', NULL),
   	(59, 28, 29, '', 'RESELLER', 1, 3, '-x', 1, '2021-12-28 11:09:34', '[]', 0),
   	(60, 28, 29, '', 'RESELLER', 2, 3, '+x', 2, '2021-12-28 11:09:34', '[]', 0),
   	(61, 29, 30, '', 'RESELLER', 1, 3, '-x', 1, '2021-12-28 11:10:00', 'null', NULL),
   	(62, 29, 30, '', 'RESELLER', 2, 3, '+x', 2, '2021-12-28 11:10:00', 'null', NULL),
   	(63, 30, 31, '', 'RESELLER', 1, 3, '-x', 1, '2021-12-28 11:15:06', 'null', NULL),
   	(64, 30, 31, '', 'RESELLER', 2, 3, '+x', 2, '2021-12-28 11:15:06', 'null', NULL),
   	(65, 31, 32, '', 'RESELLER', 1, 3, '-x', 1, '2021-12-28 11:15:33', 'null', NULL),
   	(66, 31, 32, '', 'RESELLER', 2, 3, '+x', 2, '2021-12-28 11:15:33', 'null', NULL),
   	(67, 32, 33, '', 'RESELLER', 1, 3, '-x', 1, '2021-12-28 11:17:00', 'null', NULL),
   	(68, 32, 33, 'OPERATOR_BOOKEEPING', 'RESELLER', 2, 3, '+x', 2, '2021-12-28 11:17:00', 'null', NULL),
   	(69, 33, 34, '', 'RESELLER', 1, 3, '-x', 1, '2021-12-28 11:17:24', 'null', NULL),
   	(70, 33, 34, '', 'RESELLER', 2, 3, '+x', 2, '2021-12-28 11:17:24', 'null', NULL),
   	(71, 34, 35, '', 'RESELLER', 1, 3, '-x', 1, '2021-12-28 11:26:33', 'null', NULL),
   	(72, 34, 35, '', 'RESELLER', 2, 3, '+x', 2, '2021-12-28 11:26:33', 'null', NULL),
   	(73, 35, 36, '', 'RESELLER', 1, 3, '-x', 1, '2021-12-28 11:27:03', 'null', NULL),
   	(74, 35, 36, '', 'RESELLER', 2, 3, '+x', 2, '2021-12-28 11:27:03', 'null', NULL),
   	(75, 36, 37, '', 'RESELLER', 1, 3, '-x', 1, '2021-12-28 11:27:23', 'null', NULL),
   	(76, 36, 37, '', 'RESELLER', 2, 3, '+x', 2, '2021-12-28 11:27:23', 'null', NULL),
   	(77, 37, 38, '', 'RESELLER', 1, 3, '-x', 1, '2021-12-28 11:47:15', 'null', NULL),
   	(78, 37, 38, '', 'RESELLER', 2, 3, '+x', 2, '2021-12-28 11:47:15', 'null', NULL),
    (79, 38, 39, '', 'RESELLER', 1, 3, '-2x', 1, '2022-02-08 06:57:31', '[]', 0),
    (80, 38, 39, '', 'RESELLER', 2, 3, '+2x', 2, '2022-02-08 06:57:31', '[]', 0),
    (81, 38, 39, 'UP_COM_BOOKKEEPING', 'RESELLER', 3, 1, '-1000.0', 4, '2022-02-08 07:11:54', '[]', 0),
    (82, 38, 39, 'CASH_ACCOUNT', 'RESELLER', 3, 1, '800.0', 12, '2022-02-08 07:41:26', '[]', 0),
    (83, 38, 39, 'TAX_BOOKKEEPING', 'RESELLER', 3, 1, '200.0', 7, '2022-02-08 07:41:26', 'null', NULL),
    (84, 39, 40, '', 'RESELLER', 1, 3, '-2x', 1, '2022-02-08 06:57:31', '[]', 0),
    (85, 39, 40, '', 'RESELLER', 2, 3, '+2x', 2, '2022-02-08 06:57:31', '[]', 0),
    (86, 39, 40, 'UP_COM_BOOKKEEPING', 'RESELLER', 3, 1, '-1000.0', 4, '2022-02-08 07:11:54', '[]', 0),
    (87, 39, 40, 'CASH_ACCOUNT', 'RESELLER', 3, 1, '800.0', 12, '2022-02-08 07:41:26', '[]', 0),
    (88, 39, 40, 'TAX_BOOKKEEPING', 'RESELLER', 3, 1, '200.0', 7, '2022-02-08 07:41:26', 'null', NULL),
    (89, 40, 41, '', 'RESELLER', 1, 3, '-2x', 1, '2022-02-08 06:57:31', '[]', 0),
    (90, 40, 41, '', 'RESELLER', 2, 3, '+2x', 2, '2022-02-08 06:57:31', '[]', 0),
    (91, 40, 41, 'UP_COM_BOOKKEEPING', 'RESELLER', 3, 1, '-1000.0', 4, '2022-02-08 07:11:54', '[]', 0),
    (92, 40, 41, 'CASH_ACCOUNT', 'RESELLER', 3, 1, '800.0', 12, '2022-02-08 07:41:26', '[]', 0),
    (93, 40, 41, 'TAX_BOOKKEEPING', 'RESELLER', 3, 1, '200.0', 7, '2022-02-08 07:41:26', 'null', NULL),
    (94, 41, 42, '', 'RESELLER', 1, 3, '-2x', 1, '2022-02-08 06:57:31', '[]', 0),
    (95, 41, 42, '', 'RESELLER', 2, 3, '+2x', 2, '2022-02-08 06:57:31', '[]', 0),
    (96, 41, 42, 'UP_COM_BOOKKEEPING', 'RESELLER', 3, 1, '-1000.0', 4, '2022-02-08 07:11:54', '[]', 0),
    (97, 41, 42, 'CASH_ACCOUNT', 'RESELLER', 3, 1, '800.0', 12, '2022-02-08 07:41:26', '[]', 0),
    (98, 41, 42, 'TAX_BOOKKEEPING', 'RESELLER', 3, 1, '200.0', 7, '2022-02-08 07:41:26', 'null', NULL),
    (99, 42, 43, '', 'RESELLER', 1, 3, '-2x', 1, '2022-02-08 06:57:31', '[]', 0),
    (100, 42, 43, '', 'RESELLER', 2, 3, '+2x', 2, '2022-02-08 06:57:31', '[]', 0),
    (101, 42, 43, 'UP_COM_BOOKKEEPING', 'RESELLER', 3, 1, '-1000.0', 4, '2022-02-08 07:11:54', '[]', 0),
    (102, 42, 43, 'CASH_ACCOUNT', 'RESELLER', 3, 1, '800.0', 12, '2022-02-08 07:41:26', '[]', 0),
    (103, 42, 43, 'TAX_BOOKKEEPING', 'RESELLER', 3, 1, '200.0', 7, '2022-02-08 07:41:26', 'null', NULL),
    (104, 43, 44, '', 'RESELLER', 1, 3, '-2x', 1, '2022-02-08 06:57:31', '[]', 0),
    (105, 43, 44, '', 'RESELLER', 2, 3, '+2x', 2, '2022-02-08 06:57:31', '[]', 0),
    (106, 43, 44, 'UP_COM_BOOKKEEPING', 'RESELLER', 3, 1, '-1000.0', 4, '2022-02-08 07:11:54', '[]', 0),
    (107, 43, 44, 'CASH_ACCOUNT', 'RESELLER', 3, 1, '800.0', 12, '2022-02-08 07:41:26', '[]', 0),
    (108, 43, 44, 'TAX_BOOKKEEPING', 'RESELLER', 3, 1, '200.0', 7, '2022-02-08 07:41:26', 'null', NULL),
    (109, 44, 45, '', 'RESELLER', 1, 3, '-2x', 1, '2022-02-08 06:57:31', '[]', 0),
    (110, 44, 45, '', 'RESELLER', 2, 3, '+2x', 2, '2022-02-08 06:57:31', '[]', 0),
    (111, 44, 45, 'UP_COM_BOOKKEEPING', 'RESELLER', 3, 1, '-1000.0', 4, '2022-02-08 07:11:54', '[]', 0),
    (112, 44, 45, 'CASH_ACCOUNT', 'RESELLER', 3, 1, '800.0', 12, '2022-02-08 07:41:26', '[]', 0),
    (113, 44, 45, 'TAX_BOOKKEEPING', 'RESELLER', 3, 1, '200.0', 7, '2022-02-08 07:41:26', 'null', NULL),
    (114, 45, 46, '', 'RESELLER', 1, 3, '-2x', 1, '2022-02-08 06:57:31', '[]', 0),
    (115, 45, 46, '', 'RESELLER', 2, 3, '+2x', 2, '2022-02-08 06:57:31', '[]', 0),
    (116, 45, 46, 'UP_COM_BOOKKEEPING', 'RESELLER', 3, 1, '-1000.0', 4, '2022-02-08 07:11:54', '[]', 0),
    (117, 45, 46, 'CASH_ACCOUNT', 'RESELLER', 3, 1, '800.0', 12, '2022-02-08 07:41:26', '[]', 0),
    (118, 45, 46, 'TAX_BOOKKEEPING', 'RESELLER', 3, 1, '200.0', 7, '2022-02-08 07:41:26', 'null', NULL),
    (119, 46, 47, '', 'RESELLER', 1, 3, '-x', 1, '2022-02-07 06:44:45', '[]', NULL),
    (120, 46, 47, '', 'RESELLER', 2, 3, '+x', 2, '2022-02-07 06:44:49', '[]', NULL),
    (121, 46, 47, 'UP_COM_BOOKKEEPING', 'RESELLER', 3, 2, '-500.0', 4, '2022-02-07 06:44:56', '[]', NULL),
    (122, 46, 47, 'CASH_ACCOUNT', 'RESELLER', 3, 2, '500.0', 12, '2022-02-07 06:45:02', '[]', NULL),
    (123, 47, 48, '', 'RESELLER', 1, 3, '-x', 1, '2022-02-08 07:22:23', 'null', NULL),
    (124, 47, 48, '', 'RESELLER', 2, 3, '+x', 2, '2022-02-08 07:22:23', 'null', NULL),
    (125, 47, 48, 'UP_COM_BOOKKEEPING', 'RESELLER', 3, 2, '-1000.0', 4, '2022-02-08 07:22:23', 'null', NULL),
    (126, 47, 48, 'CASH_ACCOUNT', 'RESELLER', 3, 2, '800.0', 12, '2022-02-08 07:22:23', 'null', NULL),
    (127, 47, 48, 'TAX_BOOKKEEPING', 'RESELLER', 3, 2, '200.0', 7, '2022-02-08 07:22:23', 'null', NULL),
    (128, 48, 49, '', 'RESELLER', 1, 3, '-x', 1, '2022-02-08 07:39:59', 'null', NULL),
    (129, 48, 49, '', 'RESELLER', 2, 3, '+x', 2, '2022-02-08 07:39:59', 'null', NULL),
    (130, 48, 49, 'UP_COM_BOOKKEEPING', 'RESELLER', 3, 2, '-200.0', 4, '2022-02-08 07:39:59', 'null', NULL),
    (131, 48, 49, 'CASH_ACCOUNT', 'RESELLER', 3, 2, '150.0', 12, '2022-02-08 07:39:59', 'null', NULL),
    (132, 48, 49, 'TAX_BOOKKEEPING', 'RESELLER', 3, 2, '50.0', 7, '2022-02-08 07:39:59', 'null', NULL),
	(133, 49, 50, '', 'RESELLER', 1, 3, '-x', 1, '2022-02-09 13:34:24', 'null', NULL),
	(134, 49, 50, '', 'RESELLER', 2, 3, '+x', 2, '2022-02-09 13:34:24', 'null', NULL),
    (135, 50, 51, '', 'RESELLER', 1, 3, '-x', 1, '2022-02-11 05:45:59', 'null', NULL),
    (136, 50, 51, '', 'RESELLER', 2, 3, '+x', 2, '2022-02-11 05:45:59', 'null', NULL),
    (137, 51, 52, '', 'RESELLER', 1, 3, '-x', 1, '2022-02-11 05:45:59', 'null', NULL),
    (138, 51, 52, '', 'RESELLER', 2, 3, '+x', 2, '2022-02-11 05:45:59', 'null', NULL),
	(139, 52, 53, '', 'RESELLER', 1, 3, '-x', 1, '2022-02-12 12:57:57', 'null', NULL),
	(140, 52, 53, '', 'RESELLER', 2, 3, '+x', 2, '2022-02-12 12:57:57', 'null', NULL),
	(141, 53, 54, '', 'RESELLER', 1, 3, '-x', 1, '2022-02-12 12:59:01', 'null', NULL),
	(142, 53, 54, '', 'RESELLER', 2, 3, '+x', 2, '2022-02-12 12:59:01', 'null', NULL),
	(143, 54, 55, '', 'RESELLER', 1, 3, '-x', 1, '2022-02-12 12:59:01', 'null', NULL),
    (144, 54, 55, 'OPERATOR_BOOKEEPING', 'RESELLER', 2, 3, '+x', 2, '2022-02-12 12:59:01', 'null', NULL),
    (145, 55, 56, '', 'RESELLER', 1, 3, '-x', 1, '2022-02-12 12:59:01', 'null', NULL),
    (146, 55, 56, 'OPERATOR_BOOKEEPING', 'RESELLER', 2, 3, '+x', 2, '2022-02-12 12:59:01', 'null', NULL),
    (147, 56, 57, '', 'RESELLER', 1, 3, '-x', 1, '2022-02-12 12:59:01', 'null', NULL),
    (148, 56, 57, 'OPERATOR_BOOKEEPING', 'RESELLER', 3, 3, '+x', 2, '2022-02-12 12:59:01', 'null', NULL),
    (149, 57, 58, '', 'RESELLER', 1, 3, '-x', 1, '2022-02-21 05:58:09', 'null', NULL),
    (150, 57, 58, 'OPERATOR_BOOKEEPING', 'RESELLER', 2, 3, '+x', 2, '2022-02-21 05:58:09', 'null', NULL),
    (151, 58, 59, '', 'RESELLER', 1, 3, '-x', 1, '2022-02-21 10:40:41', 'null', NULL),
   	(152, 58, 59, 'OPERATOR_BOOKEEPING', 'RESELLER', 2, 3, '+x', 2, '2022-02-21 10:40:41', 'null', NULL),
   	(153, 59, 60, '', 'RESELLER', 1, 3, '-x', 1, '2022-02-21 10:41:44', 'null', NULL),
   	(154, 59, 60, 'OPERATOR_BOOKEEPING', 'RESELLER', 2, 3, '+x', 2, '2022-02-21 10:41:44', 'null', NULL),
    (155, 60, 61, '', 'RESELLER', 1, 3, '-x', 1, '2022-02-19 10:23:35', '[]', 0),
    (156, 60, 61, 'OPERATOR_BOOKEEPING', 'RESELLER', 2, 3, '+x', 2, '2022-02-19 10:23:35', '[]', 0),
    (157, 61, 62, '', 'RESELLER', 1, 3, '-x', 1, '2022-02-19 10:23:35', '[]', 0),
    (158, 61, 62, 'OPERATOR_BOOKEEPING', 'RESELLER', 2, 3, '+x', 2, '2022-02-19 10:23:35', '[]', 0),
    (159, 62, 63, '', 'RESELLER', 1, 3, '-x', 1, '2022-02-26 09:37:19', '[]', 0),
    (160, 62, 63, '', 'RESELLER', 2, 3, 'x', 2, '2022-02-26 09:37:19', '[]', 0),
    (161, 63, 64, '', 'RESELLER', 1, 3, '-x', 1, '2022-02-26 09:38:33', '[]', 0),
    (162, 63, 64, '', 'RESELLER', 2, 3, '+x', 2, '2022-02-26 09:38:33', '[]', 0),
    (163, 64, 65, '', 'RESELLER', 1, 3, '-x', 1, '2022-02-26 09:39:17', '[]', 0),
    (164, 64, 65, '', 'RESELLER', 2, 3, '+x', 2, '2022-02-26 09:39:17', '[]', 0),
    (165, 65, 66, '', 'RESELLER', 1, 3, '-x', 1, '2022-02-26 09:40:08', '[]', 0),
    (166, 65, 66, '', 'RESELLER', 2, 3, '+x', 2, '2022-02-26 09:40:08', '[]', 0),
    (167, 66, 67, '', 'AIRTIME', 1, 3, '-x', 1, '2022-02-26 11:48:24', 'null', NULL),
    (168, 66, 67, '', 'BOOKKEEPING', 2, 3, 'x', 2, '2022-02-26 11:48:24', 'null', NULL);











    DELETE FROM `dwa_contract_price_entries`;
   INSERT INTO `dwa_contract_price_entries` (`entry_key`, `contract_key`, `currency_key`, `product_key`, `valid_from`, `created_by`, `comment`, `status`, `type`, `last_modified`)
   VALUES
   	(6, 26, 1, 1, '2021-12-09 11:54:53', 'operator', '', 1, 'type1', '2021-12-10 05:14:05'),
   	(8, 34, 1, 1, '2021-12-10 06:27:45', 'operator', '', 1, 'type1', '2021-12-10 06:47:36'),
   	(10, 26, 1, 2, '2021-12-10 06:46:17', 'operator', '', 1, 'type1', '2021-12-10 13:17:21'),
   	(13, 25, 1, 2, '2021-12-14 17:24:54', 'operator', '', 1, 'type1', '2021-12-14 11:55:40'),
   	(14, 25, 1, 1, '2021-12-15 16:28:21', 'operator', '', 1, 'type1', '2021-12-16 10:59:21'),
   	(15, 30, 1, 1, '2021-12-16 10:38:32', 'operator', '', 1, 'type1', '2021-12-16 12:09:21'),
   	(16, 27, 1, 1, '2021-12-15 17:58:09', 'operator', '', 1, 'type1', '2021-12-16 12:28:51'),
   	(17, 6, 1, 1, '2021-12-23 11:17:21', 'operator', '', 1, 'type1', '2021-12-24 05:48:18'),
   	(18, 6, 1, 2, '2021-12-23 11:18:22', 'operator', '', 1, 'type1', '2021-12-24 05:49:02'),
   	(19, 26, 1, 5, '2021-12-28 15:34:37', 'operator', '', 1, 'type1', '2021-12-28 10:05:25'),
   	(20, 26, 1, 6, '2021-12-28 15:36:26', 'operator', '', 1, 'type1', '2021-12-28 11:14:32'),
   	(21, 25, 1, 5, '2021-12-28 15:52:58', 'operator', 'Gift Voucher 200', 1, 'type1', '2021-12-28 10:24:10'),
   	(22, 25, 1, 6, '2021-12-28 15:54:12', 'operator', 'Gift Voucher 100', 1, 'type1', '2021-12-28 10:26:21'),
   	(23, 25, 1, 3, '2021-12-28 15:56:29', 'operator', 'MFS APP RECHARGE - (5)', 1, 'type1', '2021-12-28 10:30:20'),
   	(25, 25, 1, 4, '2021-12-28 16:22:33', 'operator', '', 1, 'type1', '2021-12-28 10:53:02'),
   	(26, 6, 1, 5, '2021-12-28 16:23:51', 'operator', '', 1, 'type1', '2021-12-28 11:10:07'),
   	(27, 6, 1, 6, '2021-12-28 16:33:42', 'operator', '', 1, 'type1', '2021-12-28 11:10:05'),
   	(28, 6, 1, 3, '2021-12-28 16:37:40', 'operator', '', 1, 'type1', '2021-12-28 11:10:04'),
   	(29, 6, 1, 4, '2021-12-28 16:39:42', 'operator', '', 1, 'type1', '2021-12-28 11:10:03'),
   	(30, 26, 1, 3, '2021-12-28 16:44:35', 'operator', '', 1, 'type1', '2021-12-28 11:15:38'),
   	(31, 26, 1, 4, '2021-12-28 16:45:14', 'operator', '', 1, 'type1', '2021-12-28 11:15:37'),
   	(32, 27, 1, 2, '2021-12-28 16:46:35', 'operator', '', 1, 'type1', '2021-12-28 11:27:48'),
   	(33, 27, 1, 5, '2021-12-28 16:47:04', 'operator', '', 1, 'type1', '2021-12-28 11:27:52'),
   	(34, 27, 1, 6, '2021-12-28 16:56:12', 'operator', '', 1, 'type1', '2021-12-28 11:27:51'),
   	(35, 27, 1, 3, '2021-12-28 16:56:41', 'operator', '', 1, 'type1', '2021-12-28 11:27:50'),
   	(36, 27, 1, 4, '2021-12-28 16:57:06', 'operator', '', 1, 'type1', '2021-12-28 11:27:49'),
   	(37, 28, 1, 5, '2021-12-28 17:16:39', 'operator', '', 1, 'type1', '2021-12-28 11:47:19'),
    (38, 25, 1, 7, '2022-02-07 12:04:41', 'operator', '', 1, 'type1', '2022-02-08 06:53:56'),
    (39, 28, 1, 7, '2022-02-07 15:05:42', 'operator', '', 1, 'type1', '2022-02-08 09:39:30'),
    (40, 29, 1, 7, '2022-02-08 14:58:35', 'operator', '', 1, 'type1', '2022-02-08 09:32:21'),
    (41, 30, 1, 7, '2022-02-08 14:58:35', 'operator', '', 1, 'type1', '2022-02-08 09:32:21'),
    (42, 31, 1, 7, '2022-02-08 14:58:35', 'operator', '', 1, 'type1', '2022-02-08 09:32:21'),
    (43, 35, 1, 7, '2022-02-08 14:58:35', 'operator', '', 1, 'type1', '2022-02-08 09:32:21'),
    (44, 36, 1, 7, '2022-02-08 14:58:35', 'operator', '', 1, 'type1', '2022-02-08 09:32:21'),
    (45, 32, 1, 7, '2022-02-08 14:58:35', 'operator', '', 1, 'type1', '2022-02-08 09:32:21'),
    (46, 26, 1, 8, '2021-02-07 07:41:38', 'operator', '', 1, 'type1', '2022-02-08 06:54:01'),
    (47, 25, 1, 8, '2021-02-08 08:20:31', 'operator', '', 1, 'type1', '2022-02-08 07:28:39'),
    (48, 27, 1, 8, '2021-02-08 08:35:01', 'operator', '', 1, 'type1', '2022-02-08 07:40:34'),
    (49, 6, 1, 9, '2022-02-08 19:01:19', 'operator', '', 1, 'type1', '2022-02-09 13:37:49'),
    (50, 26, 1, 10, '2021-02-11 06:45:28', 'operator', '', 1, 'type1', '2022-02-11 05:49:20'),
    (51, 6, 1, 11, '2021-02-11 06:45:28', 'operator', '', 1, 'type1', '2022-02-11 05:49:20'),
    (52, 26, 1, 12, '2021-02-12 13:57:36', 'operator', '', 1, 'type1', '2022-02-12 13:17:59'),
    (53, 25, 1, 12, '2021-02-12 13:58:42', 'operator', '', 1, 'type1', '2022-02-12 13:18:04'),
    (54, 27, 1, 13, '2021-02-12 13:58:42', 'operator', '', 1, 'type1', '2022-02-12 13:18:04'),
    (55, 27, 1, 14, '2021-02-12 13:58:42', 'operator', '', 1, 'type1', '2022-02-12 13:18:04'),
    (56, 27, 1, 15, '2021-02-12 13:58:42', 'operator', '', 1, 'type1', '2022-02-12 13:18:04'),
	(57, 27, 1, 16, '2022-02-12 11:26:57', 'operator', '', 1, 'type1', '2022-02-21 06:01:53'),
    (58, 27, 1, 17, '2022-02-18 16:09:48', 'Operator', '', 1, 'type1', '2022-02-21 10:44:39'),
    (59, 27, 1, 18, '2022-02-18 16:11:14', 'Operator', '', 1, 'type1', '2022-02-21 10:44:44'),
    (60, 27, 1, 19, '2021-02-19 11:22:01', 'operator', '', 1, 'type1', '2022-02-19 10:23:17'),
    (61, 27, 1, 20, '2021-02-19 11:22:01', 'operator', '', 1, 'type1', '2022-02-19 10:23:17'),
	(62, 6, 1, 22, '2021-02-26 15:05:43', 'operator', '', 1, 'type1', '2022-02-26 09:45:34'),
	(63, 25, 1, 22, '2021-02-26 15:08:03', 'operator', '', 1, 'type1', '2022-02-26 09:45:59'),
	(64, 26, 1, 22, '2021-02-26 15:08:57', 'operator', '', 1, 'type1', '2022-02-26 09:46:09'),
	(65, 27, 1, 22, '2021-02-26 15:09:47', 'operator', '', 1, 'type1', '2022-02-26 09:46:24'),
    (66, 37, 1, 21, '2021-02-26 17:18:06', 'operator', '', 1, 'type1', '2022-02-26 11:48:42');





  DELETE FROM `dwa_price_entry_ranges`;
  INSERT INTO `dwa_price_entry_ranges` (`entry_key`, `from_amount`, `to_amount`, `reseller_margin`, `customer_margin`, `margin_type`, `customer_bonus`, `bonus_type`, `id`, `last_modified`)
  VALUES
  	(6, 1000, 10000000, 0, 0, 0, 0, 0, 6, '2021-12-09 12:25:26'),
  	(8, 1000, 10000000, 0, 0, 0, 0, 0, 9, '2021-12-10 05:28:17'),
  	(10, 1000, 10000000, 0, 0, 0, 0, 0, 11, '2021-12-10 13:17:17'),
  	(13, 1000, 100000000, 0, 0, 0, 0, 0, 14, '2021-12-14 11:55:36'),
  	(14, 1000, 100000000, 0, 0, 0, 0, 0, 15, '2021-12-16 10:58:54'),
  	(15, 1000, 10000000, 0, 0, 0, 0, 0, 16, '2021-12-16 12:09:01'),
  	(16, 1000, 1000000, 0, 0, 0, 0, 0, 17, '2021-12-16 12:28:33'),
  	(17, 1000, 100000000, 0, 0, 0, 0, 0, 18, '2021-12-24 05:47:48'),
  	(18, 1000, 10000000000, 0, 0, 0, 0, 0, 19, '2021-12-24 05:48:45'),
  	(19, 200000, 200000, 0, 0, 0, 0, 0, 20, '2021-12-28 10:05:14'),
  	(20, 5000000, 5000000, 0, 0, 0, 0, 0, 21, '2021-12-28 11:14:28'),
  	(21, 200000, 200000, 0, 0, 0, 0, 0, 22, '2021-12-28 10:24:06'),
  	(22, 1000000, 1000000, 0, 0, 0, 0, 0, 23, '2021-12-28 10:25:46'),
  	(23, 50000, 50000, 0, 0, 0, 0, 0, 24, '2021-12-28 11:11:14'),
  	(25, 10000, 200000, 0, 0, 0, 0, 0, 26, '2021-12-28 10:52:59'),
  	(26, 200000, 200000, 0, 0, 0, 0, 0, 27, '2021-12-28 10:54:14'),
  	(27, 5000000, 5000000, 0, 0, 0, 0, 0, 28, '2021-12-28 11:04:02'),
  	(28, 50000, 50000, 0, 0, 0, 0, 0, 29, '2021-12-28 11:09:34'),
  	(29, 10000, 200000, 0, 0, 0, 0, 0, 30, '2021-12-28 11:10:00'),
  	(30, 50000, 50000, 0, 0, 0, 0, 0, 31, '2021-12-28 11:15:06'),
  	(31, 10000, 200000, 0, 0, 0, 0, 0, 32, '2021-12-28 11:15:33'),
  	(32, 1000, 10000000, 0, 0, 0, 0, 0, 33, '2021-12-28 11:17:00'),
  	(33, 200000, 200000, 0, 0, 0, 0, 0, 34, '2021-12-28 11:17:24'),
  	(34, 5000000, 5000000, 0, 0, 0, 0, 0, 35, '2021-12-28 11:26:33'),
  	(35, 50000, 50000, 0, 0, 0, 0, 0, 36, '2021-12-28 11:27:03'),
  	(36, 10000, 200000, 0, 0, 0, 0, 0, 37, '2021-12-28 11:27:23'),
  	(37, 200000, 200000, 0, 0, 0, 0, 0, 38, '2021-12-28 11:47:15'),
    (38, 100, 10000000, 0, 0, 0, 0, 0, 39, '2022-02-08 06:36:32'),
    (39, 100, 10000000, 0, 0, 0, 0, 0, 40, '2022-02-08 06:36:32'),
    (40, 100, 10000000, 0, 0, 0, 0, 0, 41, '2022-02-08 06:36:32'),
    (41, 100, 10000000, 0, 0, 0, 0, 0, 42, '2022-02-08 06:36:32'),
    (42, 100, 10000000, 0, 0, 0, 0, 0, 43, '2022-02-08 06:36:32'),
    (43, 100, 10000000, 0, 0, 0, 0, 0, 44, '2022-02-08 06:36:32'),
    (44, 100, 10000000, 0, 0, 0, 0, 0, 45, '2022-02-08 06:36:32'),
    (45, 100, 10000000, 0, 0, 0, 0, 0, 46, '2022-02-08 06:36:32'),
    (46, 100, 9000000, 0, 0, 0, 0, 0, 47, '2022-02-08 06:43:19'),
    (47, 100, 10000000000, 0, 0, 0, 0, 0, 48, '2022-02-08 07:22:23'),
    (48, 100, 90000000000, 0, 0, 0, 0, 0, 49, '2022-02-08 07:39:59'),
	(49, 100, 10000000, 0, 0, 0, 0, 0, 50, '2022-02-09 13:34:24'),
    (50, 100, 100000000000, 0, 0, 0, 0, 0, 51, '2022-02-11 05:45:59'),
    (51, 100, 100000000000, 0, 0, 0, 0, 0, 52, '2022-02-11 05:45:59'),
    (52, 100, 100000000, 0, 0, 0, 0, 0, 53, '2022-02-12 12:57:57'),
    (53, 100, 100000000, 0, 0, 0, 0, 0, 54, '2022-02-12 12:59:01'),
    (54, 100, 100000000, 0, 0, 0, 0, 0, 55, '2022-02-12 12:59:01'),
    (55, 100, 100000000, 0, 0, 0, 0, 0, 56, '2022-02-12 12:59:01'),
	(56, 1, 100000000, 0, 0, 0, 0, 0, 57, '2022-02-12 12:59:01'),
    (57, 1, 100000000, 0, 0, 0, 0, 0, 58, '2022-02-21 05:58:09'),
    (58, 1, 100000000, 0, 0, 0, 0, 0, 59, '2022-02-21 10:40:40'),
   	(59, 1, 100000000, 0, 0, 0, 0, 0, 60, '2022-02-21 10:41:44'),
   	(60, 100, 1000000000, 0, 0, 0, 0, 0, 61, '2022-02-19 10:22:28'),
    (61, 100, 1000000000, 0, 0, 0, 0, 0, 62, '2022-02-19 10:22:28'),
    (62, 100, 1000000, 0, 0, 0, 0, 0, 63, '2022-02-26 09:37:19'),
    (63, 100, 1000000, 0, 0, 0, 0, 0, 64, '2022-02-26 09:38:33'),
    (64, 100, 1000000, 0, 0, 0, 0, 0, 65, '2022-02-26 09:39:17'),
    (65, 100, 1000000, 0, 0, 0, 0, 0, 66, '2022-02-26 09:40:08'),
    (66, 0, 1000000000, 0, 0, 0, 0, 0, 67, '2022-02-26 11:48:24');










